id,company_name,website,status,notes
3,1 Vape Wholesale LLC,https://www.1vapewholesale.com/?srsltid=AfmBOoqY0Sx9Z51PTzY_OJhhL-K-bIh_qOtvzfv9iPdn1W5fYTXBX37u,Do not contact - international,Notes: Based in australia; Sources: 11.15 Similar to Master G
9,7 daze,,Do not contact - international,Notes: Seems to be a manufacturer. Based in Canada; Sources: 11.15 Similar to Master G
23,AAA Wholesale,https://aaawholesale.com/,Dan - Prioritize,Notes: Ali - This is really good lead; Sources: Jan 2026
708,[Mobile] (718) 617-5500,,,Sources: Jan 2026
720,[Name] Sultana,,,Notes: Diego called me back - is going to email me a catalog.; Sources: Jan 2026
31,ABR Wholesalers,https://abrwholesalers.com/,Dan - Prioritize,Notes: Too robust; Sources: 11.15 Similar to Master G
734,[Nickname] ext 153 person name diego,,,Sources: Jan 2026
34,ACC Wholesale,https://www.accwholesale.net/,Dan - Prioritize,Sources: 11.15 Similar to Master G
38,Action Wholesale Products,https://actionwp.com/,Dan - Prioritize,Notes: Too robust; Sources: 11.15 Similar to Master G
39,Active Distributors,https://active-distro.com/,Dan - Prioritize,Notes: Customer login portal.; Sources: 11.15 Similar to Master G
1,#1 Wholesale,https://1wholesale.com/,,"Notes: Customer login portal.; Address: 2210 Ronald Reagan Blvd, Cumming GA 30041; Sources: 11.15 Similar to Master G, Letters, Outreach"
4,143 Story,143story.com,,Address: Los Angeles Metropolitan Area; Sources: Clay Batch
5,1SourceVideo,1sourcevideo.com,,"Address: Los Angeles, California, United States; Sources: Clay Batch"
7,26 Californa Wholesale,http://www.26californiawholesale.com/index.htm,,"Notes: Website laggy

Attending ASD; Address: 2845 E 26th St, Vernon, California, 90058, United States; Sources: 11.15 Similar to Master G, Letters"
10,"7 Global Distribution, Inc.",https://7globaldistribution.com/,,"Notes: terry(cassandra); Address: 6525 S. Bruce Street, Las Vegas, NV 89119; Sources: 11.15 Similar to Master G, Letters, Outreach"
12,8FD Designs,8fddesigns.com,,Address: Dallas-Fort Worth Metroplex; Sources: Clay Batch
60,Allan S. Goodman Inc,,Dan - Prioritize,Sources: 11.15 Similar to Master G
61,Allen Brothers Wholesale,https://www.allenbrothers.com/,Dan - Prioritize,Sources: 11.15 Similar to Master G
63,All-In-All Wholesale,https://www.allinallwholesaleus.com/,Dan - Prioritize,Sources: 11.15 Similar to Master G
13,A and B Wholesale,aandbwholesale.com,,"Address: Greater Chicago Area, United States; Sources: Clay Batch"
15,A Finishing Touch,afinishingtouch.com,,"Address: Houston, Texas, United States; Sources: Clay Batch"
27,A.Bassa & Sons CC Wholesale Merchants,abassa.co.za,,"Address: Dallas, Texas, United States; Sources: Clay Batch"
67,Alpine Net Corporation,,Dan - Prioritize,Sources: 11.15 Similar to Master G
69,AmChar Wholesale Inc,https://www.amchar.com/,Dan - Prioritize,Sources: 11.15 Similar to Master G
70,AMCON Distributing Company,,Dan - Prioritize,Sources: 11.15 Similar to Master G
19,A1 wholesale,https://a1wholesaleusa.com/,,Notes: Website doesn't seem to work; Sources: 11.15 Similar to Master G
21,AA distribution Inc,No,,"Address: 120 Orchard St, Newark, NJ 07102; Sources: 11.15 Similar to Master G, Letters"
22,AA Rachminov Diamonds,aarachminov.com,,"Address: New York, New York, United States; Sources: Clay Batch"
80,Andalusia Distributing Co. (ADC),,Dan - Prioritize,Sources: 11.15 Similar to Master G
81,Anichini Brothers Wholesale,https://anichinibrothers.com/,Dan - Prioritize,Revenue: 0.0; Sources: First Campaign
24,AAA Wholesale,,Delete - Duplicate of contact CO-0023,Sources: Outreach
26,Abacus Distributing,https://abacusdistributing.com/our-portfolio/blank/,,"Address: 60 Mill St, Southbridge, MA 01550; Sources: 11.15 Similar to Master G, Letters"
85,Art of Glass (AOG) Wholesale Inc,https://aogwholesale.com/product/sample-product/tsunami-100mm-grinder/,Dan - Prioritize,"Address: 50 French Rd.
Cheektowaga, NY 14227; Sources: 11.15 Similar to Master G"
28,ABC Distributors,https://abcdistributors.us/,,"Notes: Customer login portal.; Address: 2198 Reeves Rd, Plainfield, IN 46168; Sources: 11.15 Similar to Master G, Letters"
29,ABC Products,,,"Notes: Customer login portal.; Address: 100 Patco Ct #3, Islandia, NY 11749, United States; Sources: 11.15 Similar to Master G, Letters, Outreach"
89,APS Distributors,https://www.apscigars.com/,Dan - Prioritize,"Address: 1501 Green Road, Suite A Deerfield Beach, Florida 33064; Sources: 11.15 Similar to Master G"
91,AR Distributions Inc,,Do not contact - Could not find,Sources: 11.15 Similar to Master G
30,ABL Wholesale Distributors,https://ablwholesale.com/,,"Notes: Basic website, got a phishing scam when I entered it. Left voicemail 2/18; Address: 44488 OH-14, Columbiana, OH 44408; Sources: 11.15 Similar to Master G, Letters"
32,Absolutely Lingerie Inc.,absolutelylingerieinc.com,,"Address: Los Angeles, California, United States; Sources: Clay Batch"
33,AC Jolly Chef Equipment,https://www.allbiz.com/business/a-c-jolly-chef-equipment-co,Do not contact - Out of Business,"Address: Lawrence, MA; Industry: Restaurant Supply & Equipment; Sources: Associates First Lists"
35,ACCESSORIES DIRECT INTERNATIONAL USA INC.,adilus.com,,"Address: New York, New York, United States; Sources: Clay Batch"
36,Accredited Lock Supply,acclock.com,,"Address: New York City Metropolitan Area, United States; Sources: Clay Batch"
40,Aden Brook,adenbrook.com,,"Address: New York City Metropolitan Area, United States; Sources: Clay Batch"
42,Advantage Electronics Wire & Cable,advantageelectronics.net,,"Address: Atlanta, Georgia, United States; Sources: Clay Batch"
43,Affordable Wipers,affordablewipers.com,,"Address: Houston, Texas, United States; Sources: Clay Batch"
109,ASK Wholesalers and Distribution,https://askwholesalers.com/,Dan - Prioritize,Online Ordering: Website Broken; Sources: 11.15 Similar to Master G
45,Aicolux Lighting,aicolux.com,,"Address: Los Angeles, California, United States; Sources: Clay Batch"
46,"AIDP, Inc",aidp.com,,"Address: Los Angeles Metropolitan Area, United States; Sources: Clay Batch"
48,AKWHOLESALE@GMAIL.COM,,Do not contact - Duplicate contact,Notes: send them confident email. | Information brought to  CO-1043; Sources: Jan 2026
52,"Alcon Lighting, Inc.",alconlighting.com,,Address: Los Angeles Metropolitan Area; Sources: Clay Batch
55,ALHAMRAH CORPORATION,https://alhamrah.com/,,"Notes: Decision maker:
1- Waqas Aslam
https://www.linkedin.com/in/waqas-aslam-567b6b176/

2- Sara Aslam
https://www.linkedin.com/in/sara-aslam/; Sources: Jan 2026"
57,all food and candy inc,,Do not contact - Out of Business,Sources: 11.15 Similar to Master G
59,All Star Dogs,allstardogs.com,,"Address: New York City Metropolitan Area, United States; Sources: Clay Batch"
62,Alliance Paper & Foodservice Equipment,https://alliancepfs.com/62513-2/,,"Address: 1345 S. Ashland Ave, Chicago, IL; Industry: Restaurant Supplies; Revenue: 17000000.0; Employees: 22.0; Year Founded: 1956.0; Online Ordering: Website is in ""maintenance mode""; Sources: First Campaign, Letters"
64,Allston Supply,Imperial Dade | Food Packaging Supplies | Commercial Cleaning Supplies,,"Notes: Website jumps to Imperial Dade; Address: Springfield, MA; Industry: Janitorial & Facility Supply; Sources: Associates First Lists"
65,"Aloevine Organics, Organic No Pulp Aloe Vera Drink Supplier",,,Sources: 11.15 Similar to Master G
66,alojah distribution,,Do not contact - Cannot find,Sources: 11.15 Similar to Master G
71,American Cash and Carry wholesale,,Dan - Prioritize,Sources: 11.15 Similar to Master G
72,American Fire Products,americanfireproducts.com,,"Address: Los Angeles, California, United States; Sources: Clay Batch"
74,AMERICAN GRINDING & MACHINE COMPANY,https://www.americangrinding.com/interstate-abrasive/,,"Address: 2000 North Mango Avenue
Chicago, Illinois 60639-2899; Industry: Abrasives; Revenue: 10000000.0; Employees: 15.0; Year Founded: 1941.0; Sources: First Campaign, Letters"
75,American Industrial Supply,ameind.com,,"Address: New York, New York, United States; Sources: Clay Batch"
77,American Rubber Products,americanrubberproducts.com,,Address: Los Angeles Metropolitan Area; Sources: Clay Batch
82,Ammar Wholesale Tobacco Candy Incorporated,,Dan - Prioritize,"Address: 6925 3rd Ave Brooklyn, NY 11209; Sources: 11.15 Similar to Master G"
79,anc distributors,,Do not contact - Cannot find,Notes: Could not find; Sources: 11.15 Similar to Master G
84,Antique Drapery Rod Company,antiquedraperyrod.com,,"Address: Dallas, Texas, United States; Sources: Clay Batch"
165,Bi-Lo Distributors,https://www.biloltd.net/,Dan - Prioritize,"Address: 5 Hub Dr, Melville, NY 11747; Sources: 11.15 Similar to Master G"
100,AOG Wholesale,,Dan - Prioritize,Sources: 11.15 Similar to Master G
168,Biohazard,https://biohazardinc.com/,Dan - Prioritize,"Address: 6019 Randolph St, Commerce, CA 90040; Sources: 11.15 Similar to Master G"
171,Blair Candy Company inc,https://blaircandy.com/,Dan - Prioritize,Sources: 11.15 Similar to Master G
86,AP Sign Group,apsigngroup.com,,"Address: Indianapolis, Indiana, United States; Sources: Clay Batch"
177,Blue Sky Distributing,https://www.blueskysales.com/,Dan - Prioritize,"Address: 8724 Alameda Drive #F, Albuquerque, NM 87113; Sources: 11.15 Similar to Master G"
87,Apex Trading,apextrading.com,,"Address: New York, New York, United States; Sources: Clay Batch"
184,Boston Showcase Company,Boston Showcase Company,,"Notes: Founded 1913, 6000sq ft showroom, tabletop items; Address: Highlands & Brockton MA; Industry: Restaurant Supply & Equipment; Sources: Associates First Lists"
88,"App Wholesale, LLC",https://www.app-wholesale.com/,,"Address: 3686 E Olympic Blvd, Los Angeles, CA 90023; Sources: 11.15 Similar to Master G, Letters"
190,C T Brigham Co Inc,https://www.app-wholesale.com/,Dan - Prioritize,Sources: 11.15 Similar to Master G
90,aquabeve,aquabeve.com,,Address: New York City Metropolitan Area; Sources: Clay Batch
192,Avico Distributing Inc,https://avicospice.com/,Dan - Prioritize,"Address: 729 Broad St, Utica, NY, United States, New York; Sources: 11.15 Similar to Master G"
194,Bronx Trading Co,https://bronxtradingwholesale.com/,Dan - Prioritize,"Address: 1375 Seabury Ave, Bronx, NY 10461; Sources: 11.15 Similar to Master G"
207,Calmont Beverage Co.,https://www.calmontbeverage.com/,Dan - Prioritize,Sources: 11.15 Similar to Master G
92,"ARCADIAN, INC",arcantenna.com,,Address: New York City Metropolitan Area; Sources: Clay Batch
93,Arena Stone NJ,arenastonenj.com,,"Address: New York City Metropolitan Area, United States; Sources: Clay Batch"
94,Argentek,argentek.org,,"Address: New York City Metropolitan Area, United States; Sources: Clay Batch"
209,Candy Favorites,https://www.candyfavorites.com/,Dan - Prioritize,Sources: 11.15 Similar to Master G
95,Argo International Corporation,argointl.com,,"Address: New York, New York, United States; Sources: Clay Batch"
210,Candy King Wholesale,https://candykingwholesale.kyte.site/en,Dan - Prioritize,"Address: 514 NJ-27, Iselin, NJ 08830; Sources: 11.15 Similar to Master G"
96,Arizona Architectural Signage Group LLC,azasignsgegroup.com,,"Address: Richmond, Texas, United States; Sources: Clay Batch"
98,Aroma Workshop,aromaworkshop.com,Do not contact - Not our customer,"Address: Chicago, Illinois, United States; Sources: Clay Batch"
99,Arrow Sports Group,arrowsportsgroup.com,,"Address: Boston, Massachusetts, United States; Sources: Clay Batch"
101,Artisan 34,artisan34.com,,"Address: New York City Metropolitan Area, United States; Sources: Clay Batch"
102,Artisan Manufacturing,artisansinks.com,,"Address: Newark, New Jersey, United States; Sources: Clay Batch"
215,Capital Candy Co. Inc.,https://capitalcandy.com/,Dan - Prioritize,"Address: 32 Burnham St. - Barre, VT 05641; Sources: 11.15 Similar to Master G"
104,Asad Wholesale Inc,,Duplicate record with CO-0085,Sources: 11.15 Similar to Master G
105,Ashton Distributors Inc,https://www.ashtondistributors.com/,,"Address: 12270 Townsend Rd #1203, Philadelphia, PA 19154; Sources: 11.15 Similar to Master G, Letters"
216,Capital City Produce,https://www.capcityproduce.com/,Dan - Prioritize,"Address: 3 E Industrial Pkwy, Troy, NY 12180; Sources: 11.15 Similar to Master G"
106,Asian Food Market,https://www.asianfoodmarkets.com/,,"Notes: - About Company
      -Grocery chain specializing in asian products and groceries
       -Based in NJ(regional) with 6 locations 
       -DTC(direct to consumer) 
       -High SKU inventory 
       -Medium enterprise
        -Perishables and imported goods 
-Using WooCommerce on Wordpress
      -Don't think they got extra extensions or premium themes
      -Website is brief

PAIN POINTS: Pain Points 
- Not able to make online purchases through website
       -Link to instacart but it just goes to the website/app-not directly opening up asian food markets 
       -Could be more seamless
-No specific product listings
     -There's a sales tab but looks very brief 
      - Each link opens a new tab instead of navigating to a different area of website in one individual tab
      -Customers can’t tell what products are in stock directly online from each store 
             -Would have to call stores to find out
-Through “contact us” on site
     -No way to filter through messages; Sources: Associates Onboarding, First Campaign"
108,Asiana Food Market,https://jsci.github.io/final/about.html,Dan - Prioritize,"Address: 92 Warren Ave, East Providence, RI 02914; Industry: Korean/Japanese Grocery Store; Revenue: 5000000.0; Year Founded: 1990-2000; Sources: First Campaign"
218,Capitol Distributing,https://capitoldist.com/,Dan - Prioritize,"Address: 1920 S KCID Rd
Caldwell, ID 83605; Sources: 11.15 Similar to Master G"
219,Cardstock Warehouse Paper Company,https://www.cardstock-warehouse.com/,Dan - Prioritize,Sources: 11.15 Similar to Master G
111,Astro Plumbing Supply Company,astroplumbingsupply.com,,Address: Los Angeles Metropolitan Area; Sources: Clay Batch
222,Carytown Tobacco Inc.,,Dan - Prioritize,Sources: 11.15 Similar to Master G
225,Cash & Carry Alcohol,https://cashandcarryalcohol.com,Dan - Prioritize,"Address: 504 Meeker Ave, Brooklyn, NY 11222; Sources: 11.15 Similar to Master G"
112,"Athalon Sportgear, Inc.",athalonsportgear.com,,"Address: New York City Metropolitan Area, United States; Sources: Clay Batch"
113,ATI Accurate Technology Inc,igbts.us,,"Address: Los Angeles, California, United States; Sources: Clay Batch"
114,Atlantic Beverage Co Inc,,Do not contact - Permanently closed,Sources: 11.15 Similar to Master G
116,Atlas Distributing Inc,,Dan - Prioritize,"Address: 44 Southbridge St, Auburn, MA 01501; Sources: 11.15 Similar to Master G"
117,Aurora Corp. of America,,,Address: Los Angeles Metropolitan Area; Sources: Clay Batch
118,"AVI NATIONWIDE WHOLESALE, INC.",avinationwide.com,,"Address: Los Angeles, California, United States; Sources: Clay Batch"
120,AW Marshall Co,https://awmarshall.com/,Dan - Prioritize,"Notes: Customer login portal.; Address: 437 N 500 W, Salt Lake City, UT 84116; Sources: 11.15 Similar to Master G"
233,Cassavona Meats,https://casanovameatswholesale.com/,Dan - Prioritize,Sources: 11.15 Similar to Master G
121,Azusa Safety,azusasafety.com,,Address: Los Angeles Metropolitan Area; Sources: Clay Batch
122,B and B sales inc,,Dan - Prioritize,Sources: 11.15 Similar to Master G
162,B.I.G. Jewelry Co LLC,big-jewelry.com,,"Address: New York, New York, United States; Sources: Clay Batch"
125,B2B Supply,,Dan - Prioritize,Sources: 11.15 Similar to Master G
126,Baba Distributor,,Dan - Prioritize,"Address: 512 NJ-27, Iselin, NJ 08830; Sources: 11.15 Similar to Master G"
127,Babco Foods International,,Kaitlyn - Prioritize,"Notes: Reach out to Ken Vaz or Jean (Vaz) Gerencser; Address: 238 Saint Nicholas Ave, South Plainfield, NJ 07080; Sources: 11.15 Similar to Master G"
128,Baker Distributing Corporation,,Dan - Prioritize,Sources: 11.15 Similar to Master G
129,Balec Group,balecgroup.com,,"Address: Los Angeles, California, United States; Sources: Clay Batch"
130,Balmtimore Beverage,,Dan - Prioritize,Sources: 11.15 Similar to Master G
132,Banner Service,https://bargrind.com/,Dan - Prioritize,"Address: 494 East Lies Rd.
Carol Stream, IL 60188; Industry: Raw metals; Employees: 30.0; Year Founded: 1961.0; Sources: First Campaign"
133,"Banner Systems, Inc.",bannersystemsma.com,,Address: Greater Boston; Sources: Clay Batch
136,BargainMax Inc.,,Dan - Prioritize,Sources: 11.15 Similar to Master G
138,Basic Sportswear Corp.,lifeauthentics.com,,"Address: New York, New York, United States; Sources: Clay Batch"
140,Bayside Metal Exchange,baysidegold.com,,"Address: Los Angeles, California, United States; Sources: Clay Batch"
141,BCV wholesale,,Dan - Prioritize,Sources: 11.15 Similar to Master G
142,Beautera Professional,beauterapro.com,,"Address: Denver, Colorado, United States; Sources: Clay Batch"
143,Beauty Fashion Sales Group,beautyfashionsales.com,,"Address: New York, New York, United States; Sources: Clay Batch"
144,Bees Lighting,beeslighting.com,,"Address: Los Angeles County, California, United States; Sources: Clay Batch"
145,Belco Distributors,,Dan - Prioritize,Sources: 11.15 Similar to Master G
146,belco vending,,Dan - Prioritize,Sources: 11.15 Similar to Master G
147,Bensalem Cash & Carry,,Dan - Prioritize,"Address: 1284 Street Rd, Bensalem, PA 19020; Sources: 11.15 Similar to Master G"
148,Best Accessory Group,bag-ny.com,,Address: New York City Metropolitan Area; Sources: Clay Batch
149,BEST BRANDS CONSUMER PRODUCTS INC,,,Address: New York City Metropolitan Area; Sources: Clay Batch
151,Best Candy & Tobacco Co,,Dan - Prioritize,Notes: Acquired; Sources: 11.15 Similar to Master G
152,Best Cash and Carry,,Dan - Prioritize,Sources: 11.15 Similar to Master G
1022,Best Value Distributors,None,,"Address: 101 W 84th St, Chicago, IL 60620; Industry: Convenience store supplies; Employees: 10; Sources: First Campaign"
154,beth ward studios,bethwardstudios.com,,"Address: New York City Metropolitan Area, United States; Sources: Clay Batch"
156,Bez Ambar Inc,bezambar.com,,"Address: Los Angeles County, California, United States; Sources: Clay Batch"
158,BIA Cordon Bleu,biacordonblu.com,,"Address: New York City Metropolitan Area, United States; Sources: Clay Batch"
161,Big & Cheap Wholesale,,Dan - Prioritize,Sources: 11.15 Similar to Master G
160,Big and Cheap wholesale,,Dan - Prioritize,Sources: 11.15 Similar to Master G
166,BINO Products LLC,binoproducts.com,,"Address: New York, New York, United States; Sources: Clay Batch"
296,Cougar Packaging Solutions,https://cougargroup.com/,Dan - Prioritize,"Address: 81 Paragon Dr, Romeoville, IL 60446; Industry: Packaging; Employees: 14.0; Year Founded: 2010.0; Online Ordering: Godaddy; Sources: First Campaign"
167,binske,binske.com,,"Address: Los Angeles, California, United States; Sources: Clay Batch"
169,Black Industrial & Safety Supply,blackindustrial.com,,Address: Greater Chicago Area; Sources: Clay Batch
306,CWR Distribution,https://cwrdistribution.com/,Dan - Prioritize,Sources: 11.15 Similar to Master G
170,Black Signature,theblacksignature.com,,"Address: New York, New York, United States; Sources: Clay Batch"
172,Blake Road Collection,,,"Address: New York City Metropolitan Area, United States; Sources: Clay Batch"
173,Bleiberg Plumbing Supply,bleibergps.com,,"Address: New York City Metropolitan Area, United States; Sources: Clay Batch"
314,Das Wholesalers,https://www.daswholesalers.com/,Dan - Prioritize,"Address: 570 MAIN ST UNIT B, WESTBURY, NY 11590; Sources: 11.15 Similar to Master G"
174,"Blind Corners & Curves, Inc.",bccblinds.com,,"Address: Denver, Colorado, United States; Sources: Clay Batch"
315,Day 1 Distro,day1distro.com,,"Address: 137 Florida St, Farmingdale, NY 11735; Sources: 11.15 Similar to Master G, Clay Batch"
316,DC Cash and Carry,https://dccashandcarry.com/,Dan - Prioritize,Sources: 11.15 Similar to Master G
317,DD & B Solutions LLC,https://www.ddnbsolutions.com/,Dan - Prioritize,"Address: 16 Herbert St Ste FG Newark, NJ 07105; Sources: 11.15 Similar to Master G"
176,Blue Sky Distributing,https://www.blueskysales.com/,,"Sources: 11.15 Similar to Master G, Outreach"
318,Dealers Supply Co.,https://www.dealerssupply.net/home,Dan - Prioritize,"Address: 82 Kennedy Drive
Forest Park, GA 30297; Sources: 11.15 Similar to Master G"
319,Deals Supply LLC,https://dealssupplyllc.com/,Dan - Prioritize,Sources: 11.15 Similar to Master G
322,Deco Food Service,https://www.decofoodservice.com/,Dan - Prioritize,Sources: 11.15 Similar to Master G
178,Bobby Warehouse Inc.,bobbywarehouse.com,,"Address: Los Angeles Metropolitan Area, United States; Sources: Clay Batch"
179,Bolt Products Inc.,boltproducts.com,,"Address: Los Angeles County, California, United States; Sources: Clay Batch"
180,Bond No.9,bondno9.com,,"Address: Los Angeles, California, United States; Sources: Clay Batch"
182,Book Runners,book-runners.com,,Address: Greater Chicago Area; Sources: Clay Batch
183,Boston Wholesale Outlet – Cash and Carry,https://bostonwholesaleoutlet.com/contact-us/,,"Address: 47 Spruce St, Chelsea, MA 02150; Sources: 11.15 Similar to Master G, Letters"
186,Braeburn Systems LLC,braeburnonline.com,,"Address: Dallas-Fort Worth Metroplex, United States; Sources: Clay Batch"
187,"Braha Industries, Inc.",brahaindustries.com,,"Address: New York, New York, United States; Sources: Clay Batch"
188,BrandMX,brandmx.com,,"Address: New York, New York, United States; Sources: Clay Batch"
189,BRB Wholesale,,Do not contact - Could not find,Sources: 11.15 Similar to Master G
191,Brim Distributors,https://www.brimdistributors.com/,Do not contact - Not our customer,Notes: Closeout buyer and reseller; Sources: 11.15 Similar to Master G
193,Broadway Furniture Group,broadwayfurnituregroup.com,,Address: New York City Metropolitan Area; Sources: Clay Batch
339,Discount Drug Mart LLC,https://discount-drugmart.com/,,Sources: 11.15 Similar to Master G
195,Brooklyn Lollipops Import Corp.,brooklynlollipop.com,,"Address: New York City Metropolitan Area, United States; Sources: Clay Batch"
196,BRperfume,brperfume.com,,"Address: New York, New York, United States; Sources: Clay Batch"
197,Bruce's Best Produce & Specialty Grocery Co.,brucesbestinc.com,,"Address: Atlanta, Georgia, United States; Sources: Clay Batch"
340,Discount Madness,,,Sources: 11.15 Similar to Master G
199,Bulk Office Supply,bulkofficesupply.com,,"Address: Greater Phoenix Area, United States; Sources: Clay Batch"
204,C2V PPE,c2vppe.com,,Address: Memphis Metropolitan Area; Sources: Clay Batch
206,Calamari Fisheries Inc,,,"Address: Greater Boston, United States; Sources: Clay Batch"
208,Camy Distributors,,Dan - Prioritize,"Address: 10409 St Charles Rock Rd, St Ann, MO 63074; Sources: St Louis Missouri"
211,Candy Pros,,,"Address: 9874 Via de la Amistad San Diego CA 92154; Revenue: 0.0; Sources: First Campaign, Letters"
213,Cape Cod Coffee,capecodcoffee.com,,"Address: Greater Boston, United States; Sources: Clay Batch"
214,Cape Point Bait Company,capepointbaits.com,,"Address: New York, New York, United States; Sources: Clay Batch"
217,Capital Electric Wire & Cable,capital-electric.com,,"Address: Dallas, Texas, United States; Sources: Clay Batch"
115,Cardinal Canteen,,Dan - Prioritize,"Notes: Formerly Atlantic Dominion Distributors; Address: 5400 Virginia Beach Blvd, Virginia Beach, VA 23462; Sources: 11.15 Similar to Master G"
220,CARISAM SAMUEL MEISEL MD INC,,Do not contact - Could not find,Sources: 11.15 Similar to Master G
221,Carusos Wholesale and Retail,,Do not contact - Out of business,Sources: 11.15 Similar to Master G
358,Dutchess Beer Distributors,https://dutchessbeer.com/,,Sources: 11.15 Similar to Master G
223,Cascade Tropicals,cascadetropicals.com,,"Address: Greater Seattle Area, United States; Sources: Clay Batch"
224,Casey Ingredients,caseying.com,,"Address: Los Angeles, California, United States; Sources: Clay Batch"
230,Cash & Carry Office Products,No,,"Notes: Called, reached ""Bob""; Address: 5680 Sawtelle Blvd, Culver City, CA 90230; Sources: 11.15 Similar to Master G, Letters"
359,DWF Food & Paper Redistributors,https://dwffoods.com/,,"Address: 575 N. Sacramento Blvd

Chicago, IL 60612; Sources: Jan 2026"
226,Cash and carry dental wholesale,,Do not contact - Not our customer,Sources: 11.15 Similar to Master G
227,CASH AND CARRY WAREHOUSE,,Dan - Prioritize,Sources: 11.15 Similar to Master G
228,Cash and Carry(Atlanta),,Dan - Prioritize,Sources: 11.15 Similar to Master G
229,Cash and Carry(Pittsburgh),,Dan - Prioritize,Sources: 11.15 Similar to Master G
234,Cate & Company,catehvac.com,,"Address: Dallas, Texas, United States; Sources: Clay Batch"
235,cb import specialty inc,,Dan - Prioritize,Sources: 11.15 Similar to Master G
236,CBB Group Inc.,https://cbbgroup.com/,Dan - Prioritize,Notes: Robust.; Sources: 11.15 Similar to Master G
238,CD Network,cdnetworkny.com,,"Address: New York, New York, United States; Sources: Clay Batch"
239,CD Network- multi-label showroom,cdnetworkny.com,,"Address: New York, New York, United States; Sources: Clay Batch"
240,center point distributors NJ,,Dan - Prioritize,Sources: 11.15 Similar to Master G
241,Centrex Technical Sales,gocentrex.com,,"Address: Richmond, Virginia, United States; Sources: Clay Batch"
242,century distributors inc,,Dan - Prioritize,Sources: 11.15 Similar to Master G
243,Century Wholesale foods,,Dan - Prioritize,Sources: 11.15 Similar to Master G
246,Charman Manufacturing Inc.,charmaninc.com,,"Address: Los Angeles, California, United States; Sources: Clay Batch"
248,Chefs Choice CnC,,Dan - Prioritize,Sources: 11.15 Similar to Master G
251,Chemcraft Industries,https://www.chemcraftind.com/chemcraft-industries-celebrating-75-years-and-looking-toward-the-future/,Dan - Prioritize,"Address: 4447 W. Cortland Street Suite B, Chicago, IL 60639; Industry: Packaging & Jan/San; Employees: 150.0; Year Founded: 1947.0; Sources: First Campaign"
256,Chicago Pallet Service,https://chicagopallet.com/,,"Address: Lombard, IL
10 W North Avenue
Lombard, IL 60148; Industry: Pallets; Revenue: 16000000.0; Employees: 81.0; Year Founded: 1989.0; Sources: First Campaign, Letters"
257,CHLOE Lighting,chloelighting.com,,Address: Dallas-Fort Worth Metroplex; Sources: Clay Batch
261,City Plus Cash N Carry Corp.,,Dan - Prioritize,Sources: 11.15 Similar to Master G
262,CityMedRx Pharmaceutical Wholesale,citymedrx.com,,"Address: New York City Metropolitan Area, United States; Sources: Clay Batch"
263,CJ Brothers,cjbrothers.com,,Address: New York City Metropolitan Area; Sources: Clay Batch
264,CK Products,,Dan - Prioritize,Sources: 11.15 Similar to Master G
265,CKI Wholesale Lock Supply,ckilock.com,,"Address: Houston, Texas, United States; Sources: Clay Batch"
266,CKK Home Decor,stonebriarcollection.com,,Address: Dallas-Fort Worth Metroplex; Sources: Clay Batch
267,Clarke Systems,clarkesystems.com,,"Address: New York, New York, United States; Sources: Clay Batch"
269,CLASSY ART LLC,classyart.net,,"Address: Houston, Texas, United States; Sources: Clay Batch"
270,"Clean Designs, Inc.",cleandesigns.com,,Address: Denver Metropolitan Area; Sources: Clay Batch
271,"CLEVELAND HERMETIC & SUPPLY, INC.",clevelandhermetic.com,,"Address: Cleveland, Ohio, United States; Sources: Clay Batch"
272,Closeout.com,closeout.com,,"Address: Los Angeles, California, United States; Sources: Clay Batch"
275,CMG,bigwatchworld.com,,"Address: Los Angeles Metropolitan Area, United States; Sources: Clay Batch"
276,CNH Imports,,Dan - Prioritize,Sources: 11.15 Similar to Master G
277,CNJ Distribution,,Dan - Prioritize,Sources: 11.15 Similar to Master G
278,Collotti and sons inc,,Dan - Prioritize,Sources: 11.15 Similar to Master G
280,colonial distributing,,Dan - Prioritize,Sources: 11.15 Similar to Master G
281,Colonial Wholesale and Bev,,Dan - Prioritize,Sources: 11.15 Similar to Master G
283,Commercial Distributing Co,,Dan - Prioritize,Sources: 11.15 Similar to Master G
743,Company of Gifts,companyofgifts.nl,,"Address: Atlanta, Georgia, United States; Sources: Clay Batch"
420,Family Food Distributors Inc,https://www.familyfooddist.com,,Sources: 11.15 Similar to Master G
284,COMPLETE CURB PRODUCTS,completecurbs.com,,"Address: Houston, Texas, United States; Sources: Clay Batch"
285,conbimac usa corporation,,Dan - Prioritize,Sources: 11.15 Similar to Master G
286,Concepts In Time,conceptsintime.net,,"Address: New York, New York, United States; Sources: Clay Batch"
421,Farner Bockon Company,https://www.farner-bocken.com,,Sources: 11.15 Similar to Master G
287,Connelly Landscaping,connellylandscaping.com,,"Address: Greater Boston; Sources: Clay Batch, First Campaign"
422,Farrell Distributor,https://www.farrelldistributing.com,,Sources: 11.15 Similar to Master G
288,Continental Lift Truck,cltcorp.com,,"Address: New York, New York, United States; Sources: Clay Batch"
289,Conveyer & Caster,cc-efi.com,,"Address: Cleveland, Ohio, United States; Sources: Clay Batch"
429,faygo distribution,https://www.faygo.com,,Sources: 11.15 Similar to Master G
290,Cooper Booth Wholesale Company,,Dan - Prioritize,Sources: 11.15 Similar to Master G
291,copper city sales distribution,,Dan - Prioritize,Sources: 11.15 Similar to Master G
431,Fidelity Paper & Supply Corp.,https://www.fidelitypaper.com,,"Address: https://www.fidelitypaper.com; Sources: 11.15 Similar to Master G, Clay Batch"
292,CORE MARK MIDCONTINENT INC,,Dan - Prioritize,Sources: 11.15 Similar to Master G
293,Corner Stone Product Wholesale,,Dan - Prioritize,Sources: 11.15 Similar to Master G
294,CoTa Global,cotaglobal.com,,"Address: Los Angeles County, California, United States; Sources: Clay Batch"
295,Coton Colors,coton-colors.com,,"Address: Atlanta, Georgia, United States; Sources: Clay Batch"
297,cpg distribution corp,,Do not contact - Not our customer,Notes: Appears to be gasoline sales.; Sources: 11.15 Similar to Master G
298,Creager Mercantile Co,creagermerc.com,,"Address: Denver, Colorado, United States; Sources: Clay Batch"
299,"Creations By Tamsan, Inc Wedding Rings Manufacturer",creationsbytamsan.com,,"Address: New York, New York, United States; Sources: Clay Batch"
300,Crimsafe North America,crimsafe.com,,"Address: Los Angeles Metropolitan Area, United States; Sources: Clay Batch"
302,CS Illumination,csillumination.com,,"Address: New York, New York, United States; Sources: Clay Batch"
304,"Cuny & Guerber, Inc.",cuny.biz,,"Address: New York, New York, United States; Sources: Clay Batch"
305,CW Brower Wholesale,https://www.cwbrower.com/,Dan - Prioritize,"Address: CW Brower Wholesale 413 South Riverside Drive, Modesto, CA, USA; Sources: 11.15 Similar to Master G"
307,D and S beverages,,Dan - Prioritize,"Address: 1601 S 4th St, Allentown, PA 18103; Sources: 11.15 Similar to Master G"
472,Ginsberg's Foods,https://ginsbergs.com/,,Sources: 11.15 Similar to Master G
342,D-LEX,d-lex.com,,Address: Greater Phoenix Area; Sources: Clay Batch
309,Dainty Home,daintyhomeshop.com,,"Address: New York, New York, United States; Sources: Clay Batch"
311,Daniel Richards Inc.,danrichgroup.com,,"Address: Greater Houston, United States; Sources: Clay Batch"
474,Girardi Distributors LLC,https://girardidistributors.com,,Sources: 11.15 Similar to Master G
313,"DARRAH & COMPANY, LTD.",darrahreps.com,,"Address: Richmond, Virginia, United States; Sources: Clay Batch"
323,DEKOR Lighting,dekorlighting.com,,"Address: Denver, Colorado, United States; Sources: Clay Batch"
324,Deluxe Distribution,,Dan - Prioritize,"Address: 955 Connecticut Ave # 3101, Bridgeport, CT 06607; Sources: 11.15 Similar to Master G"
325,Deluxe Import Trading,deluxegm.com,,Address: Los Angeles Metropolitan Area; Sources: Clay Batch
476,Global Wholesale Inc.,http://www.globalwholesale.biz,,Sources: 11.15 Similar to Master G
328,Denver Rubber Company,drcfirst.com,,Address: Denver Metropolitan Area; Sources: Clay Batch
479,Global Hookah Distributors,http://www.globalhookah.com,,Sources: 11.15 Similar to Master G
329,Derigo Sales Inc,https://derigo-sales-inc.res-menu.net/,Dan - Prioritize,"Address: 3780 Harlem Rd, Buffalo, NY 14215; Sources: 11.15 Similar to Master G"
332,Dfw Oil,dfwoilenergy.com,,"Address: Dallas, Texas, United States; Sources: Clay Batch"
333,"DG's Trading, Inc.",No,,"Notes: Called. Said business is slow and isn't looking for anything.; Address: 219 WILLIAMS ST
Chelsea, MA 02150; Sources: 11.15 Similar to Master G, Letters"
334,DHOME Brands,dhomebrands.com,,"Address: New York, New York, United States; Sources: Clay Batch"
336,Dippin' Daisy's,,,"Address: Los Angeles, California, United States; Sources: Clay Batch"
338,Direct Liquidation LLP,,Do not contact - Not our customer,Sources: 11.15 Similar to Master G
337,DIRECT WHOLESALE CASH & CARRY,,,"Address: 266 24th St, Brooklyn, NY 11232; Sources: 11.15 Similar to Master G"
341,Disons Gems Inc,disonsgems.com,,"Address: New York, New York, United States; Sources: Clay Batch"
343,DLP Industries,dlpindustries.net,,"Address: Greater Boston, United States; Sources: Clay Batch"
344,Dollar Empire,https://www.dollarempirellc.com/,,"Notes: Website looks very sophisticated, but is basically just an ordering form. (Sent a test); Sources: 11.15 Similar to Master G"
345,Dollar Item Direct,,,Sources: 11.15 Similar to Master G
346,Dollar Kings,http://dollarkingwholesale.com/,,"Notes: Website looks very sophisticated, but is basically just an ordering form. (Sent a test); Sources: 11.15 Similar to Master G"
347,"Don Wolf & Associates, Inc.",donwolf.com,,"Address: Los Angeles County, California, United States; Sources: Clay Batch"
350,Douglas Companies Inc,,,Sources: 11.15 Similar to Master G
352,Doyle's Sheehan,,,Sources: 11.15 Similar to Master G
354,DTlots Driven by Discount Truckloads,,,Sources: 11.15 Similar to Master G
355,Dulces Mexicanos General Distribution,,,"Notes: Cannot find; Address: 1950 S 900 W, Salt Lake City, UT 84104; Sources: 11.15 Similar to Master G"
356,DUROFIX Inc.,durofix.com,,"Address: Los Angeles Metropolitan Area, United States; Sources: Clay Batch"
357,Dutch Direct,dutchdirect.us,,Address: Los Angeles Metropolitan Area; Sources: Clay Batch
360,Dynasty Gallery,dynastygallery.com,,Address: Los Angeles Metropolitan Area; Sources: Clay Batch
362,E FOCUS INC.,efocusinc.com,,"Address: Los Angeles Metropolitan Area, United States; Sources: Clay Batch"
396,E-Play Brands,eplaybrands.com,,"Address: New York, New York, United States; Sources: Clay Batch"
363,E.8 Denim House,e8denimhouse.com,,"Address: Los Angeles, California, United States; Sources: Clay Batch"
364,E&A Worldwide Traders,eandatraders.com,,Address: New York City Metropolitan Area; Sources: Clay Batch
365,Eason Horticultural Resources,,,"Address: New York, New York, United States; Sources: Clay Batch"
367,East Coast Food Distribution Boar's,,,Sources: 11.15 Similar to Master G
366,East Coast Wholesale Distributor,,,Sources: 11.15 Similar to Master G
368,East West Distributors Inc,,,Sources: 11.15 Similar to Master G
369,Eastern Shore Distributing,,,Sources: 11.15 Similar to Master G
370,Easy Hundred Inc.,ez100.com,,"Address: New York City Metropolitan Area, United States; Sources: Clay Batch"
371,EBY Brown,,,Sources: 11.15 Similar to Master G
372,EC Supply,https://ecsupplyinc.com/,,"Notes: Aspects of website broken.; Address: 20803 Valley Blvd #106, Walnut, CA 91789; Sources: 11.15 Similar to Master G, Clay Batch, Letters"
237,Èccolo,eccololtd.com,,Address: New York City Metropolitan Area; Sources: Clay Batch
374,Eclipse Tools,eclipsetools.com,,"Address: Richmond, Virginia, United States; Sources: Clay Batch"
373,Eclipse Wholesale inc,,,Sources: 11.15 Similar to Master G
375,Economy Candy,,,Sources: 11.15 Similar to Master G
376,economy products and solutions,,,Sources: 11.15 Similar to Master G
377,Economy RHVAC Supply,economyrhvac.com,,Address: New York City Metropolitan Area; Sources: Clay Batch
378,Edelman Home,edelmanhome.com,,Address: Greater Cleveland; Sources: Clay Batch
379,Edwards Engineering Supply,https://edwardsengineering.com/,,"Address: 1000 Touhy Ave, Elk Grove Village, IL 60007; Industry: HVAC, Raw Metals, and Piping; Employees: 63.0; Year Founded: 1979.0; Sources: First Campaign"
380,eFashionwholesale.com,,,Sources: 11.15 Similar to Master G
381,Eight to Eighty Eyewear,eighttoeightyeyewear.com,,"Address: New York City Metropolitan Area, United States; Sources: Clay Batch"
382,Eighty Twenty Distributors LLC,,,Sources: 11.15 Similar to Master G
383,Electro-matic,https://www.electro-matic.com/,,Sources: Industrial
542,Hifi Dojo,,Do not reach out - Not our customer,Sources: 11.15 Similar to Master G
547,HP Hood,,Do not reach out - Not our customer,Sources: 11.15 Similar to Master G
384,Elengee Market,https://ellengeemarket.com/product-category/bacon-breakfast-sausages/,,Sources: Jan 2026
549,HS Wholesale,https://hswsupply.com/,,Sources: 11.15 Similar to Master G
385,ELFA International,elfainternational.net,,"Address: New York, New York, United States; Sources: Clay Batch"
551,HUB Tobacco,https://hubtobacco.com/,,Sources: 11.15 Similar to Master G
386,"Elite Tape (Adhesive Tape Converter, Tape Distributor, Specialty Tapes)",elitetape.com,,Address: Greater Chicago Area; Sources: Clay Batch
387,Ellis Brooklyn,ellisbrooklyn.com,,"Address: Boston, Massachusetts, United States; Sources: 11.15 Similar to Master G, Clay Batch"
388,Elssy Cares LLC,,,Sources: 11.15 Similar to Master G
389,Embelle,embellebrand.com,,"Address: New York, New York, United States; Sources: Clay Batch"
390,EMEG INC,emeginc.com,,"Address: Los Angeles, California, United States; Sources: Clay Batch"
391,Emiliani Metro,emilianimetro.com,,Address: New York City Metropolitan Area; Sources: Clay Batch
392,Empire PRO,empirepro.com,,"Address: Los Angeles, California, United States; Sources: Clay Batch"
393,empire snack distributors,,,Sources: 11.15 Similar to Master G
394,"Energy Valve and Supply Company, LLC",envasco.com,,"Address: Houston, Texas, United States; Sources: Clay Batch"
395,ENVY by Alan Eaton,envywigs.com,,"Address: Indianapolis, Indiana, United States; Sources: Clay Batch"
397,Equipment Brokers Unlimited,equipmentbrokersunlimited.com,,"Address: Los Angeles County, California, United States; Sources: Clay Batch"
576,InterAmerican Coffee,https://interamericancoffee.com/,,Sources: 11.15 Similar to Master G
578,International Wholesale Inc.,https://www.internationalwholesale.com/,,"Address: Showroom Location
4000 Allen Road

Allen Park, MI 48101; Sources: 11.15 Similar to Master G"
398,Equity Diamond Brokers,equitydiamondbrokers.com,,"Address: New York, New York, United States; Sources: Clay Batch"
399,"Eric Winn	C&S Wholesale Grocers
Greg Patch	C&S Wholesale Grocers",From Letters,,Notes: Ali - This is really good Lead they do not have mobile system yet but these are customers who have muscle to spend on new tech; Sources: Jan 2026
400,Eros Wholesale,"https://www.eroswholesale.com/ 
Ecommerce Platform: Magento 2 (with ScandiPWA frontend)",,"Notes: Family-owned wholesale distributor based in Pennsylvania that has been in business for decades. It started as a supplier of socks and hosiery but expanded into a broad one-stop wholesale supplier with a very large catalog of general merchandise and apparel products
https://www.eroswholesale.com/ 
Ecommerce Platform: Magento 2 (with ScandiPWA frontend)
For a wholesaler of this size:
$22,000 – $125,000+ per year
Are they a good fit?
No but not sure
They have pricing, discounts, customer sign in, list SKU
Large SKU volume so they likely already have advanced inventory systems
Also seem heavily invested in current ecommerce 
However 
System used may be outdated
Struggling with varying pricing depending on businesses 
Website is slow; Sources: Associates First Lists"
401,Essential Group USA,,,"Address: New York City Metropolitan Area, United States; Sources: Clay Batch"
402,Everest Distributor,https://everestdist.com/,,Sources: 11.15 Similar to Master G
587,iz trading,https://iztrading1214.com/,,"Address: 665 Cambridge Street
Worcester, MA 01610; Sources: 11.15 Similar to Master G"
403,Everest Marble LLC,everestmarblect.com,,"Address: New York, New York, United States; Sources: Clay Batch"
404,Everest Traders,https://www.everesttraders.com/,,Notes: Canadian; Sources: 11.15 Similar to Master G
405,EVG Extracts LLC,evgextracts.com,,"Address: Denver, Colorado, United States; Sources: Clay Batch"
406,eWarehouse,ewarehouseindustries.com,,"Address: Los Angeles, California, United States; Sources: Clay Batch"
599,JFC International,https://www.jfc.com/,,Notes: Very minimal website; Sources: 11.15 Similar to Master G
604,JMG International,https://www.jmginternational.com/,,"Address: 1440 Koll Cir #104, San Jose, CA 95112; Sources: 11.15 Similar to Master G"
408,Excel Ice Cream and Candy Co,,,Sources: 11.15 Similar to Master G
609,Justin Blair & Company,https://justinblairco.com/,,Sources: Industrial
407,Excel Wholesale Distributors,,,Sources: 11.15 Similar to Master G
409,Excess4Less,excesstruckloads.com,,"Address: Richmond, Virginia, United States; Sources: Clay Batch"
410,Exhart,exhart.com,,"Address: Los Angeles County, California, United States; Sources: Clay Batch"
412,Exotic Drink/snack Retailer,,,Sources: 11.15 Similar to Master G
411,exotic wholesale inc,,,Sources: 11.15 Similar to Master G
413,Express Wholesale Corp,,,Sources: 11.15 Similar to Master G
414,Express Wholesale-Distributing,,,Notes: Cannot find; Sources: 11.15 Similar to Master G
415,Extreme Linen,,,"Address: New York, New York, United States; Sources: Clay Batch"
416,"F. McConnell and Sons, Inc.",https://www.fmcconnell.com,,Sources: 11.15 Similar to Master G
430,F&B Distributors,https://www.fandbdistributors.com,,Sources: 11.15 Similar to Master G
418,Fall River Cash & Carry - MA,Facebook,,Notes: Only facebook; Sources: 11.15 Similar to Master G
419,Family Farms LLC,familyfarmsllc.com,,"Address: Atlanta, Georgia, United States; Sources: Clay Batch"
423,Farrisilk Inc.,farrisilk.com,,"Address: Los Angeles, California, United States; Sources: Clay Batch"
424,Fascinations Toys & Gifts,fascinations.com,,"Address: Seattle, Washington, United States; Sources: Clay Batch"
425,Fashionland Inc,topfashionland.com,,"Address: New York, New York, United States; Sources: Clay Batch"
426,Fastcom Supply Corp,fastcomsupply.com,,"Address: New York, New York, United States; Sources: Clay Batch"
427,Fattah Trading Company,https://www.fattahtrading.com,,Sources: 11.15 Similar to Master G
428,Fauzi and Company Inc,https://www.fauzico.com,,Sources: 11.15 Similar to Master G
432,Filichia Wholesale Company,https://www.fmcconnell.com,,Sources: 11.15 Similar to Master G
433,"Filter Sales and Service, Inc.",filtersales.com,,"Address: Greater Boston, United States; Sources: Clay Batch"
434,Finished Goods,finishedgoods.com,,"Address: Los Angeles, California, United States; Sources: Clay Batch"
435,Finley Shirts,thefinleyshirt.com,,"Address: Dallas, Texas, United States; Sources: Clay Batch"
436,"First Distributors, LLC",firstdistributors.com,,"Address: Houston, Texas, United States; Sources: Clay Batch"
437,First Hyperion,firsthyperion.com,,"Address: Dallas, Texas, United States; Sources: Clay Batch"
438,"Fitzgerald Brothers Beverages, Inc.",fitzgeraldbros.com,,"Address: Boston, Massachusetts, United States; Sources: Clay Batch"
668,M5 Corporation,https://m5corporation.com/,,Sources: 11.15 Similar to Master G
439,Flagship Agency,flagship-agency.com,,"Address: Los Angeles, California, United States; Sources: Clay Batch"
697,Midwest Distribution,https://www.midwestgoods.com/shop-inside-our-warehouse-cash-carry/,,Sources: Jan 2026
441,"Flavor Smart Beverage Group(same as al""s changed name",https://www.flavorsmart.com,,Sources: 11.15 Similar to Master G
442,Flavour King,https://www.jcflavourking.com,,Sources: 11.15 Similar to Master G
443,Florida Wholesale,,,Sources: 11.15 Similar to Master G
446,FlyCore Distribution,flycoredistribution.com,,"Address: New York City Metropolitan Area, United States; Sources: Clay Batch"
448,Food & Paper Supply Co.,https://foodandpaper.com/cash-carry-store-food-paper-supply-co,,"Address: 4360 W 128th Pl, Alsip, IL 60803; Industry: Grocery, restaurant supplies; Employees: 113.0; Year Founded: 1977.0; Online Ordering: Robust; Sources: First Campaign"
450,Fort Dearborn Enterprises,fd-supply.com,,"Address: Greater Chicago Area, United States; Sources: Clay Batch"
452,Four Star Foods,fourstarfoods.com,,Address: Greater Chicago Area; Sources: Clay Batch
453,Four Star Seafood and Provisions,fourstarseafood.com,,"Address: Los Angeles Metropolitan Area, United States; Sources: Clay Batch"
454,Frama-Tech,framatech.com,,Address: Dallas-Fort Worth Metroplex; Sources: Clay Batch
455,Fried Brothers Inc.,fbisecurity.com,,Address: New York City Metropolitan Area; Sources: Clay Batch
456,Fumari,https://www.fumari.com/,,Sources: 11.15 Similar to Master G
457,Gafco BV,gafco.nl,,Address: Greater Chicago Area; Sources: Clay Batch
459,Garal Wholesalers Ltd,,,Sources: 11.15 Similar to Master G
460,Gas Depot Inc,gasdepot.com,,Address: Greater Chicago Area; Sources: Clay Batch
461,"GBC, Inc.",gbcjewelry.com,,"Address: Boston, Massachusetts, United States; Sources: Clay Batch"
464,General Commercial Corporation,https://www.gcc-usa.com/,,"Notes: Ali lead (Look more at customer app / backend). Left a voicemail. 

Hung up. 

Pausing until after Thanksgiving because he seems not interested.; Address: 110 S 15th St, Sebring, OH 44672; Industry: Promotional products; Revenue: 5000000.0; Employees: 25.0; Online Ordering: Strong; Sources: First Campaign, Letters, Warm Leads"
465,Genere Food Corp,https://generefoods.com,,Sources: 11.15 Similar to Master G
466,"Genexus International, Inc.",mododoc.com,,"Address: Los Angeles, California, United States; Sources: Clay Batch"
467,Genmill l Genturn by Ganesh,ganeshmachinery.com,,"Address: Los Angeles County, California, United States; Sources: Clay Batch"
468,George J falter Inc CO,https://georgejfalter.com,,Sources: 11.15 Similar to Master G
469,Get ANR,https://www.anrwholesalenj.com,,Sources: 11.15 Similar to Master G
470,GIANT EAGLE INC,https://www.gianteagle.com,,Sources: 11.15 Similar to Master G
471,Gils Wholesale,https://gilswholesale.com,,Sources: 11.15 Similar to Master G
475,glas llc,,,Notes: Cannot find specific competitors.; Sources: 11.15 Similar to Master G
477,Global Furniture USA Inc,globalfurnitureusa.com,,"Address: New York, New York, United States; Sources: Clay Batch"
478,Global Garden,globalgarden.co,,"Address: Los Angeles, California, United States; Sources: Clay Batch"
480,global m wholesale,https://globalmartwholesale.com,,Sources: 11.15 Similar to Master G
481,Global O-Ring and Seal,globaloring.com,,"Address: Houston, Texas, United States; Sources: Clay Batch"
483,Globe Stainless Inc.,globestainless.com,,"Address: Los Angeles, California, United States; Sources: Clay Batch"
482,Globe Wholesale,,,Sources: 11.15 Similar to Master G
484,GlobeCommerce,globecommerce.co,,"Address: New York, New York, United States; Sources: Clay Batch"
485,"Glove Cleaners & Safety Products, Inc. (GCSPI, inc.)",glovecleaners.com,,Address: Greater Boston; Sources: Clay Batch
487,Godinger Silver Art,godinger.com,,"Address: New York, New York, United States; Sources: Clay Batch"
488,GOLD AND DIAMOND JEWELLERY LTD,,,"Address: Newark, New Jersey, United States; Sources: Clay Batch"
489,Gold Bell (Subsidiary of Arrow Farms),http://arrowfarms.com/brand/gold-bell/#specialty-potatoes,,Sources: 11.15 Similar to Master G
490,Gold Coast Distributors LLC,http://www.goldcoastbklyn.com,,Notes: Very minimal website; Sources: 11.15 Similar to Master G
491,GOLD CRAFT JEWELRY CORP.,goldcraftinc.com,,"Address: Los Angeles, California, United States; Sources: Clay Batch"
492,Golden Eagle Distributors,,,"Notes: Customer login portal.; Address: 975 Bryn Mawr Ave, Bensenville, IL 60106; Sources: 11.15 Similar to Master G, Letters"
493,Golden Piedmont Labs,goldenpiedmontlabs.com,,"Address: South Boston, Virginia, United States; Sources: Clay Batch"
494,goldsmit-sydnor distributors,http://www.goldsmitsydnor.com,,Sources: 11.15 Similar to Master G
496,good times usa llc,https://goodtimestobacco.com,,Sources: 11.15 Similar to Master G
497,Gordon Food Service,https://gfs.com/en-us/?lsd=usal_midwestregions_search_leadgen_brand&utm_medium=search&utm_source=google-paid&utm_campaign=usal_midwestregions_search_leadgen_brand_{adgroup}&utm_term=gordon%20foods&gad_source=1&gad_campaignid=22820769561&gbraid=0AAAAAD2Np9Pad4tbFjjkP0U_nA7EMjViR&gclid=Cj0KCQiAhOfLBhCCARIsAJPiopPZA76RXxMMDPsS58c_v8mdKz4kdrXKG_jVUL3mjH1tde-mocL3IekaAvnuEALw_wcB,,Notes: Mentioned by CBA; Sources: Jan 2026
805,Redstone Foods Inc,https://redstonefoods.com/,,"Address: 1434 Patton Pl Ste 106, Carrollton, TX 75007; Sources: 11.15 Similar to Master G"
498,Grace world,,,Sources: 11.15 Similar to Master G
499,Gran Trade Inc.,grantradeinc.com,,"Address: New York City Metropolitan Area, United States; Sources: Clay Batch"
503,great lakes wholesalers,,,Sources: 11.15 Similar to Master G
504,Great West Gourmet LLC,greatwestgourmet.com,,Address: Los Angeles Metropolitan Area; Sources: Clay Batch
505,Gretchen Scott Designs,gretchenscottdesigns.com,,"Address: New York, New York, United States; Sources: Clay Batch"
506,Grip Tight Tools,griptighttools.com,,"Address: New York, New York, United States; Sources: Clay Batch"
507,Ground Level distribution,,,Sources: 11.15 Similar to Master G
509,Grupo Eter,grupoeter.cl,,"Address: New York, New York, United States; Sources: Clay Batch"
510,Gullien Products,,,Sources: 11.15 Similar to Master G
511,gummer wholesale inc,,,Sources: 11.15 Similar to Master G
512,Guru Cash and Carry,,,Sources: 11.15 Similar to Master G
513,Gw Cash & Carry,,,Sources: 11.15 Similar to Master G
514,"H and J liquidators and closeouts, inc",,,Sources: 11.15 Similar to Master G
515,H and K Distribution,https://handkdistribution.shop/,,Sources: 11.15 Similar to Master G
535,H.E.R. Accessories,heracc.com,,"Address: New York, New York, United States; Sources: 11.15 Similar to Master G, Clay Batch"
544,H.J. Namdar,hjnamdar.com,,"Address: New York, New York, United States; Sources: Clay Batch"
538,H&H Cash and Carry Wholesale LLC,,,Sources: 11.15 Similar to Master G
539,H&H wholesaler,,,"Address: 213 Taunton Ave, Seekonk, MA 02771; Industry: ""every type of rolling papers, glass water pipes in various price range, glass hand pipes, tobacco grinders, one of the best lighter collections , ETC"" - review; Year Founded: Not listed; Sources: First Campaign"
545,H&M USA INC.,hmusainc.com,,"Address: Los Angeles, California, United States; Sources: Clay Batch"
516,Hadson Toko Trading Co Inc,,,Address: New York City Metropolitan Area; Sources: Clay Batch
518,Hamsa Trading - RI,,,Sources: 11.15 Similar to Master G
519,Hans Johnsen Company (HJC),hjc.com,,"Address: Dallas, Texas, United States; Sources: Clay Batch"
520,Happy Threads,happy-threads.com,,"Address: New York, New York, United States; Sources: Clay Batch"
521,Harbor Wholesale,https://www.harborwholesale.com/,,"Notes: Customer login portal.; Address: 3901 Hogum Bay Rd NE, Lacey, WA 98516, USA; Sources: 11.15 Similar to Master G, Letters, Outreach"
522,Hardscrabble Wholesale,http://www.hardscrabbleny.com/,,"Address: 848 MAIN STREET FARMINGDALE , Farmingdale, NY, United States, New York; Sources: 11.15 Similar to Master G"
523,Harold Levingston associates,,,Sources: 11.15 Similar to Master G
525,Harry Wils & Co.,harrywils.com,,"Address: New York, New York, United States; Sources: Clay Batch"
526,Hartford Distributors Inc,,,Sources: 11.15 Similar to Master G
527,harvard distributimng,,,Sources: 11.15 Similar to Master G
528,Harvest Food Distributors,,,Notes: May be out of business; Sources: 11.15 Similar to Master G
529,hbi international,,,Sources: 11.15 Similar to Master G
531,HDr Print,hdrprint.com,,Address: New York City Metropolitan Area; Sources: Clay Batch
532,Helen Andrews Inc,,,"Address: New York, New York, United States; Sources: Clay Batch"
533,hempwholesaler.com,,,Sources: 11.15 Similar to Master G
534,Henry's United LLC,,,Sources: 11.15 Similar to Master G
536,Heritage distributors international,,,Sources: 11.15 Similar to Master G
540,HHH Wholesale Inc,,,Sources: 11.15 Similar to Master G
541,hicks wholesale company,,,Sources: 11.15 Similar to Master G
543,Hillcor Distribution,hillcorplastics.com,,"Address: Los Angeles, California, United States; Sources: Clay Batch"
546,Hot & Delicious,hotndelish.com,,"Address: Los Angeles, California, United States; Sources: Clay Batch"
550,HTN INC.,htn-inc.com,,Address: Denver Metropolitan Area; Sources: Clay Batch
552,Huckleberry Roasters,huckleberryroasters.com,,"Address: Denver, Colorado, United States; Sources: Clay Batch"
553,hudson exports,,,Sources: 11.15 Similar to Master G
554,HW Wholesale Inc,hwwholesaleinc.com,,"Address: Indianapolis, Indiana, United States; Sources: Clay Batch"
556,IC Wholesale Inc,icwholesale.com,,"Address: New York City Metropolitan Area; Sources: 11.15 Similar to Master G, Clay Batch"
557,iCode Electronic,icodelectronic.com,,"Address: New York, New York, United States; Sources: Clay Batch"
558,Ikohe Inc,ikohe.com,,"Address: New York City Metropolitan Area, United States; Sources: Clay Batch"
559,illuminico,illuminico.com,,"Address: New York, New York, United States; Sources: Clay Batch"
560,ILUMINAR Lighting | Horticultural Lights,iluminarlighting.com,,"Address: Los Angeles Metropolitan Area, United States; Sources: Clay Batch"
562,Imperial Distributors,,,Sources: 11.15 Similar to Master G
563,Imperial Industrial Supply,maxtool.com,,"Address: Los Angeles Metropolitan Area, United States; Sources: Clay Batch"
564,Imperial Sales,imperialsalesus.com,,"Address: New York City Metropolitan Area, United States; Sources: Clay Batch"
565,imperial trading company(louisiana),,,Sources: 11.15 Similar to Master G
566,Impressed Cannabis,impressedma.com,,"Address: Boston, Massachusetts, United States; Sources: Clay Batch"
568,In-Detail,in-detail.net,,"Address: Dallas, Texas, United States; Sources: Clay Batch"
569,Indian Nation Wholesale,https://inwsupply.com/about-inw/,,Notes: Customer login portal.; Sources: 11.15 Similar to Master G
570,Industrial Hemp Farms,industrialhempfarms.com,,"Address: Denver, Colorado, United States; Sources: Clay Batch"
571,Industrial Services Group,https://isgservice.com/,,Sources: Industrial
572,Industrial Supplies Company,myisco.com,,"Address: Houston, Texas, United States; Sources: Clay Batch"
573,Industrial Tractor Parts,industrialtractorparts.com,,"Address: New York, New York, United States; Sources: Clay Batch"
574,"Innex, Inc.",innexinc.com,,Address: Los Angeles Metropolitan Area; Sources: Clay Batch
575,Instawhip Rochester Inc,,,Sources: 11.15 Similar to Master G
577,Interlight,interlightus.com,,Address: New York City Metropolitan Area; Sources: Clay Batch
579,International Trading Company,itclinens.com,,"Address: Los Angeles, California, United States; Sources: Clay Batch"
580,"Inwell, Inc.",inwellproducts.com,,"Address: Chicago, Illinois, United States; Sources: Clay Batch"
581,IopenBox wholesale,,Do not reach out - Could not find,Sources: 11.15 Similar to Master G
582,IPS South,ipssouth.com,,"Address: Los Angeles, California, United States; Sources: Clay Batch"
583,is wholesale,,Do not reach out - Could not find,Sources: 11.15 Similar to Master G
584,"ISAAC JACOBS INTERNATIONAL, LLC",isaacjacobs.com,,"Address: New York, New York, United States; Sources: Clay Batch"
585,It's Lit Distro,itslitdistro.com,,"Address: New York, New York, United States; Sources: Clay Batch"
586,"iWorld, LLC",iworldnyc.com,,"Address: New York, New York, United States; Sources: Clay Batch"
588,J and J NY distributors,,,Sources: 11.15 Similar to Master G
590,JA Imports-Triangle Wholesale,,,Sources: 11.15 Similar to Master G
592,Jackson Control,jacksoncontrol.com,,"Address: Greater Chicago Area, United States; Sources: Clay Batch"
596,James J Duffy Inc,https://jamesjduffy.com/,Do not reach out - Duplicate Contact,"Address: 390 Beacham St, Chelsea, MA 02150; Sources: 11.15 Similar to Master G, Letters"
11,888 Lots,https://888lots.com/?srsltid=AfmBOopnh6lmXslnP6F3wIYgy72pjkVN3AbSSFZQl-jrY19wxl2EPSdY,,Notes: Robust; Sources: 11.15 Similar to Master G
595,James J. Duffy,https://jamesjduffy.com/,,Online Ordering: Have an app; Sources: First Campaign
597,"JEM INTERNATIONAL, INC.",jeminc.net,,"Address: New York, New York, United States; Sources: Clay Batch"
598,JEMA MOTORS AND AUTOMATION,jemamotors.com,,"Address: Houston, Texas, United States; Sources: Clay Batch"
14,A And J Wholesalers,https://aandjwholesalers.com/,,Notes: Very minimal website; Sources: 11.15 Similar to Master G
16,A & G Wholesale Cash and Carry,,,Notes: May be out of business. Nate may be other manager; Sources: 11.15 Similar to Master G
600,Jill Bucy Skincare,jillbucy.com,,"Address: Seattle, Washington, United States; Sources: Clay Batch"
17,A one wholesale Inc,,,"Notes: Reached Javed, will call him Monday 11/17 at 10 AM CST / 11 AM EST

I keep reaching his voicemail. They also seem to have a website set up now.; Address: 1900 ulster av; Sources: Warm Leads"
601,"Jim Hicks and Company, LLC",,,"Address: Los Angeles Metropolitan Area, United States; Sources: Clay Batch"
41,ADF Acessories,https://adfaccessories.com/,,"Address: 3539 Lawson Blvd, Oceanside, NY 11572; Sources: 11.15 Similar to Master G, Letters"
50,Albany Distributing,,,"Sources: 11.15 Similar to Master G, Outreach"
51,albee and buck wholesale,,,Notes: Permanently closed; Sources: 11.15 Similar to Master G
53,Aleryani Wholesale,https://eryws.com/,,"Notes: Very sophisticated.; Address: 2501 Davis St, San Leandro, CA 94577; Sources: 11.15 Similar to Master G"
602,Jim's Organic Coffee,jimsorganiccoffee.com,,"Address: Greater Boston, United States; Sources: Clay Batch"
73,American Food Service Depot,,,"Address: 215 W Erie Ave, Philadelphia, PA 19140; Sources: 11.15 Similar to Master G, Letters"
103,ARTSUO Pastry Foods,,,"Notes: Was in meeting. Spoke with Kimberly who said she’ll leave a message; Sources: 11.15 Similar to Master G, Outreach"
603,"JMB Apparel, Inc.",jmb-apparel.com,,"Address: Los Angeles, California, United States; Sources: Clay Batch"
606,JT Davenport & Sons,,Do not contact - Business was acquired,Notes: Acquired by Core-Mark; Sources: 11.15 Similar to Master G
107,Asian Food Markets,,,"Address: 307 Hollywood Ave, South Plainfield, NJ 07080; Sources: Letters"
110,associated grocers of new england,,,"Sources: 11.15 Similar to Master G, Outreach"
123,B and L wholesale Supply,,,Sources: 11.15 Similar to Master G
134,Bargain Line Wholesale,https://www.bargainlw.com/,,Sources: 11.15 Similar to Master G
607,JTAV Clinical Skin Care,jtavclinicalskincare.com,,"Address: New York City Metropolitan Area, United States; Sources: Clay Batch"
139,Basik Trading Inc,http://www.basiktradinginc.com/,,"Address: 1315 N Jog Rd, West Palm Beach, FL 33413; Sources: 11.15 Similar to Master G"
159,Bi-County Distributors,https://bicountydistributorsusa.com/,,"Address: 33 Comac Loop #5, Ronkonkoma, NY 11779; Sources: 11.15 Similar to Master G"
164,Bill & Ralph's Inc,https://www.billandralphs.com/,,"Notes: Customer login portal. Called and Bill hung up the phone; Address: 118 Bandr Dr, Sarepta, LA 71071; Sources: 11.15 Similar to Master G, Outreach"
175,Blue Island Wholesale Produce Inc,https://www.producemarketguide.com/company/120131/blue-island-wholesale-produce-inc,,"Address: 2320 S Blue Island Ave, Chicago, IL 60608; Revenue: 0.0; Sources: First Campaign, Letters"
608,"Junior Drake, Inc.",juniordrake.com,,"Address: Los Angeles, California, United States; Sources: Clay Batch"
610,JW Mobile LLC,jwmobile.com,,"Address: New York City Metropolitan Area, United States; Sources: Clay Batch"
618,K.E.Y. Company,keycompanyusa.com,,"Address: Los Angeles, California, United States; Sources: Clay Batch"
185,Boston Warehouse Trading Corporation,,,"Notes: Left voicemail; Address: 9 Davis Ave, Norwood, MA 02062; Sources: 11.15 Similar to Master G, Outreach"
200,Burkes Distributing,https://burkedist.com/,,Sources: 11.15 Similar to Master G
201,Buster's Industrial Supply,bustersindustrial.com,,"Notes: About
MRO (maintenance, repair and operations) supply company 
Founded in 2015
Buster is a single dad and has a dog (refer to IG). 
Uses FB for marketing
Mission: Quality, service, and value
Donated hand sanitizer to low-income schools during COVID
Support other school programs too
Ecommerce platform: Shopify

PAIN POINTS: Potential Problems:
Industrial customers often require contract pricing, customer-specific catalogs, and quote/RFQ workflows; standard e-commerce can struggle when pricing/approval rules vary by account
If they support “commercial accounts,” they may need multi-buyer purchasing under one company account with permissions/approvals and shared order history
Potential Solutions:
Customer-specific price tiers/tax codes, quote → estimate → order flow, and employee permission controls for editing prices/approving quotes (pricing governance).
OMS consolidation (web + phone + walk-in) and attaching documents (contracts, invoices, shipping labels) at the order level, useful for B2B procurement and audit trails.; Address: 3401 N Sylvania Ave #101, Fort Worth, TX 76111; Sources: Associates Onboarding, Clay Batch, Letters"
202,C & C Wholesale Distributors,https://www.ccwhole.com/products/,,Sources: 11.15 Similar to Master G
205,Cactus Candy Company,https://store.ameliocenterprises.com/,,"Notes: Robust.; Address: 2656 N 37th Dr, Phoenix, AZ 85009; Sources: 11.15 Similar to Master G, Outreach"
250,Chefs toys,,,Notes: Too robust.; Sources: 11.15 Similar to Master G
252,Chester Wholesale Distribution inc.,,,"Address: 3113 W 9th St, Chester, PA 19013; Sources: First Campaign, Letters"
253,Chicago Bagel Authority,https://eatcba.com/#menu-section,,"Notes: - About
      - 2 locations abt a 10 min drive from each other based in chicago
      - Seem involved with community
            -Had “take a photo and post it” for a free tshirt
                  - May have been a way to promote merch 
            - Closed down on jan 30th in support for defunding ice for national shutdown
            - Some product earnings “10% of each sold goes to Audubon Elementary School”
      - Over 100 menu items 
            - Many items share ingredients so it may be difficult to navigate forecasting how much is needed 
            - May be more at risk for sell out 
       - Owner is Greg Gibbs and bagel shop has been open since the 1990s
- Uses Squarespace Commerce
      - Better for small to lower mid-market business
      - Easy to use
      - May not have lots of customization features 
      - $49-72 a month(may vary)
      - Used paypal and has a processing fee

PAIN POINTS: Pain points
      -Although very indepth, the website can feel a little clustered like a lot of info and places to navigate 
            -May be overwhelming for new customers 
      - When ordering products for delivery/pickup 
               -Get brought to different site when ordering
                      -May be confusing for customers
                      -May be harder to analyze and track customer interest to actual consumption
                             -Same person may be go to same website 3 times confused on whether its the right place to order before actually ordering
                             -Demand may be hard to figure out
                     -Visual inconsistencies with some foods and drinks not having photos
                     -No info on specific nutritional values for foods(calories, sodium, etc)
        - No search bar so may be difficult to navigate
              - Have to scroll through a lot 
        -No way to see what's sold out or they are running low on 
                - Poor inventory visibility can lead to inefficient stock management 
                 - Shortages and food waste; Address: 953 W Armitage Ave
Chicago, IL 60614; Sources: Associates Onboarding, Letters"
259,Cicero Supply,https://www.cicerosupply.com/,,Notes: Craig Snower's Email: csnower@cicerosupply.com; Sources: Industrial
268,Classic Packaging Corp,https://www.classicpackagingcorp.com/,,"Address: 320 Commercial Ave, Northbrook, IL 60062; Industry: Packaging; Employees: 5.0; Sources: First Campaign"
628,K&Y GROUP,knybg.com,,"Address: New York City Metropolitan Area, United States; Sources: Clay Batch"
611,Kai Gourmet,kaigourmet.com,,"Address: Los Angeles, California, United States; Sources: Clay Batch"
612,Karen Alweil Studio,karenalweilstudio.com,,"Address: Los Angeles, California, United States; Sources: Clay Batch"
613,Karma Home,,,Address: New York City Metropolitan Area; Sources: Clay Batch
273,CLOUD WHOLESALE,,,"Address: 1310 Ashby Rd, St. Louis, MO 63132; Sources: St Louis Missouri"
279,Colmar Industrial Supplies Inc,https://colmarindustrial.com/,,Sources: Industrial
282,Columbia Distributors,https://coldist.com/,,"Notes: Robust. Have their own 'proprietary' store.; Address: 20301 59th Pl S, Kent, WA 98032; Sources: 11.15 Similar to Master G, Letters"
614,Kassir Import & Export Co,,,"Address: 5635 Smithway St Room 1, Commerce, CA 90040; Sources: 11.15 Similar to Master G"
303,CTS Industrial Supply,https://cuttingtoolpickers.com/,,Sources: Industrial
615,KC Global Network Inc,kcglobalnetwork.com,,"Address: Los Angeles, California, United States; Sources: Clay Batch"
320,Dearborn Wholesale Grocers,https://www.dearborn-wholesale.com/,,"Address: 4525 W Madison St, Chicago, IL 60624; Industry: Grocery; Revenue: 6000000.0; Employees: 29.0; Sources: First Campaign"
617,Kelly & Hayes Electrical & Plumbing Supply,kellyhayes.com,,"Address: New York, New York, United States; Sources: Clay Batch"
321,DEB Wholesale Inc.,https://www.debwholesale.com/,,Sources: 11.15 Similar to Master G
326,Dennis Food Service,,,"Address: 101 Mecaw Road, Hampden, Maine 04444; Sources: Letters"
619,Kiko Leather,kikoleather.com,,"Address: Los Angeles Metropolitan Area, United States; Sources: Clay Batch"
620,Kim Hing Wholesale,No website,,"Notes: wholesale grocery supplier for local businesses, retailers, restaurant operators, and other bulk buyers in the Philadelphia area
Small to medium-size wholesale operation
No website 
Are they a good fit?
Yes
No existing ecommerce system
Isn’t a widely listed website or public ecommerce portal for online ordering. Their business appears to be largely offline and relationship-drive
Would have to order through email or phone call
Staff likely write down or manually enter orders so harder to track inventory and could be more time consuming
Also no way to check pricing or place orders anytime which can be inconvenient to customers; Sources: Associates First Lists"
621,Kim's Wholesale Dist,,,"Address: 903 Fairmount Ave, Philadelphia, PA 19123; Sources: First Campaign"
623,KingsHaven,kingshaven.com,,"Address: New York, New York, United States; Sources: Clay Batch"
327,Dennis Wholesale Foods,https://dennisfoodservice.com/products/categories/,,Revenue: 0.0; Sources: First Campaign
331,DFC Wholesale Inc,https://www.dfc-foods.com/,,"Notes: Website looks very sophisticated, but is basically just an ordering form. (Sent a test); Sources: 11.15 Similar to Master G"
624,Koah Distribution,seapllc.biz,,"Address: Los Angeles, California, United States; Sources: Clay Batch"
625,Kohl Wholesale,https://kohlwholesale.com/products/product-guide/,,Industry: Grocery; Online Ordering: Limited; Sources: First Campaign
335,Diamond Wire Spring company,https://diamondwire.com/,,Sources: Industrial
626,KPD International Wholesale,https://kpdwholesale.com/,,"Notes: Wholesale distribution business based in Philadelphia, PA. They serve local retailers and other wholesale buyers with a broad range of products and emphasize value through volume purchasing
https://kpdwholesale.com/ 
Are they a good fit?
Yes
No way to make orders online so potential customers would have to call or email them 
Limited customer convenience as retailers can’t log in, see pricing, check availability, or reorder easily
No portal which means there’s no way to track deliveries or see past orders; Sources: Associates First Lists"
349,Dot Foods Inc,,,"Address: 1 Dot Way, Mt Sterling, IL 62353; Sources: Letters"
627,"Kulkoni, Inc. - Lifting & Rigging Supplies",,,"Address: Houston, Texas, United States; Sources: Clay Batch"
351,Downey Wholesale,,,Sources: 11.15 Similar to Master G
629,Kymerah,kymerah.com,,"Address: New York, New York, United States; Sources: Clay Batch"
353,DT Trading,,,"Address: 10795 Midwest Industrial Blvd, St. Louis, MO 63132; Sources: St Louis Missouri"
658,L.J. West Diamonds,ljwestdiamonds.com,,"Address: New York, New York, United States; Sources: Clay Batch"
661,L'oreal Italia S.p.A.,loreal.it,,"Address: Los Angeles, California, United States; Sources: Clay Batch"
630,La bodega cash and carry,,,Sources: 11.15 Similar to Master G
361,E. Edwards Workwear,https://www.eeworkwear.com/,,Sources: Industrial
440,Flamemaster,https://flamemaster.com/coatings/,,Sources: Industrial
631,LA Closeout DBA Gametronics,lacloseout.com,,"Address: Los Angeles, California, United States; Sources: Clay Batch"
444,Flow Products,https://www.flowprod.com/,,Sources: Industrial
632,la ejuice llc,,,Sources: 11.15 Similar to Master G
633,LA Lucky Import Export Inc,,,Sources: 11.15 Similar to Master G
451,Four Seasons General Merchandise,https://www.4sgm.com/,,"Notes: Website looks very sophisticated, but is basically just an ordering form. (Sent a test); Address: 2801 E Vernon Ave, Los Angeles, CA 90058; Sources: 11.15 Similar to Master G, Letters"
634,LA VAPOR INC,,,Sources: 11.15 Similar to Master G
458,Galaxy Distribution,,,"Address: 1610 N Harrison St, Shawnee, OK 74804; Sources: 11.15 Similar to Master G, Letters"
635,"LabSource, Inc.",labsource.com,,Address: Greater Chicago Area; Sources: Clay Batch
636,Lakeside Supply Company,lakesidesupply.com,,"Address: Cleveland, Ohio, United States; Sources: Clay Batch"
637,Lamy America Inc,,,"Address: New York City Metropolitan Area, United States; Sources: Clay Batch"
638,Lancelot Janitorial & Paper Products,"Lancelot Janitorial & Paper Products | Lynn, Massachusetts",,"Notes: 50+ years, Family-owned; delivery fleet and 2,500+ items; Address: Lynn, MA; Industry: Janitorial & Facility Supply; Sources: Associates First Lists"
524,Harold's Chicken Shack,,,"Address: Original Harold's Chicken
P.O. Box 1822
Matteson, IL; Sources: Letters"
537,Hess Equipment Solutions,,,"Notes: Near Mothership (Rachel out of town); Address: 5640 Gravois Ave, St. Louis, MO 63116; Sources: St Louis Missouri"
555,Hype Distribution LLC - Wholesaler of Smoke Store Supplies,,,"Notes: (Got in touch, but he said he wasn't going to be around today); Address: 12111 Bridgeton Sq Dr, Bridgeton, MO 63044; Sources: St Louis Missouri"
567,Inderbitzin Distributors,https://inderbitzin.com/,,Notes: Very minimal website; Sources: 11.15 Similar to Master G
639,Lands Downunder,landsdownunder.com,,"Address: New York City Metropolitan Area, United States; Sources: Clay Batch"
593,Jacobson,jacobsonfloral.com,,"Address: Boston, Massachusetts, United States; Sources: Clay Batch, First Campaign"
594,JAM Industrial Supply,https://www.jamindustrialsupply.com/industrial-equipment-supplier/?gad_source=1&gad_campaignid=9566702855&gbraid=0AAAAADnbHnQTLB3XGORDyKDt7UxMym7wE&gclid=CjwKCAiA3L_JBhAlEiwAlcWO57-EybwkMKVkx5hgocyS-Dz3ZpAS6bFaHY8gt-I5z5VghlnQZQwylhoCOZEQAvD_BwE,,Sources: Industrial
616,KeHE,,,"Address: 1245 E Diehl Rd | Ste 200 | Naperville, IL 60563; Sources: Letters"
622,King wholesale USA,,,"Notes: Will have to meet with Abdul; Address: 46 Worthington Access Dr, Maryland Heights, MO 63043; Sources: St Louis Missouri"
640,LandscapeHub,,,Address: Greater Chicago Area; Sources: Clay Batch
641,Laner Electric Supply,laner.com,,"Address: Richmond, California, United States; Sources: Clay Batch"
653,Limits Express Company,limitsexpresscompany.com,,"Address: Greater Boston, United States; Sources: Clay Batch, First Campaign"
643,latino foods,roberto aguilu - roberto@latinofooddistributors.com,,Sources: Jan 2026
644,"Lazy Susan USA, Inc",lazysusanusa.com,,"Address: New York, New York, United States; Sources: Clay Batch"
646,lee dee wholesale,,,Sources: 11.15 Similar to Master G
647,Legend Brands,legendbranding.com,,"Address: New York, New York, United States; Sources: Clay Batch"
669,Mable,meetmable.com,,"Address: Boston, Massachusetts, United States; Sources: Clay Batch, First Campaign"
680,Marco Supply Company,https://www.marcosupply.com/,,Sources: Industrial
682,Mark's Low Price Distribution,No,,Notes: Hung up. Broken website; Sources: 11.15 Similar to Master G
648,Legion Paper,legionpaper.com,,"Address: New York, New York, United States; Sources: Clay Batch"
649,Lehi Valley Trading Co.,https://lehivalley.com/,,Sources: 11.15 Similar to Master G
696,"Midland Distribution, Inc. (Zdan)",https://zdanbrand.com/,,"Address: 13636 Western Ave Blue Island IL 60406-3262, USA; Industry: Grocery; Revenue: 0.0; Sources: First Campaign, Letters"
650,Liba Fabrics,libafabrics.com,,"Address: New York City Metropolitan Area, United States; Sources: Clay Batch"
651,Lighting Unlimited Inc.,lu-az.com,,"Address: Phoenix, Arizona, United States; Sources: Clay Batch"
652,"LightStyle Automated Systems, Inc.",lightstyle-inc.com,,Address: Los Angeles Metropolitan Area; Sources: Clay Batch
654,Lippincott Supply Company,lippincottsupply.com,,"Address: New York, New York, United States; Sources: Clay Batch"
723,National Convenience Distributors - Larger Customer,https://www.thencd.com/,,Sources: First Campaign
655,LIQUID8,liquid8.id,,Address: Greater Seattle Area; Sources: Clay Batch
728,"New England Doll & Novelty Co., Inc.",nedollco.com,,"Address: Greater Boston; Sources: Clay Batch, First Campaign"
657,Livex Lighting,livexlighting.com,,"Address: New York City Metropolitan Area, United States; Sources: Clay Batch"
659,LMD Industries Inc,lmdindustries.com,,"Address: New York City Metropolitan Area, United States; Sources: Clay Batch"
660,Long Bean Farms,longbeanfarms.com,,"Address: Greater Chicago Area, United States; Sources: Clay Batch"
764,Performance Food Group,,,"Address: 12500 West Creek Parkway
Richmond, VA 23238; Sources: Letters"
766,Pes Automation,https://pesautomation.com/,,Sources: Industrial
767,"Peter Condakes Company, Inc.",https://www.petercondakes.com/,,Sources: 11.15 Similar to Master G
662,Lotus Vaping Technologies,,,Sources: 11.15 Similar to Master G
665,Lou's Wholesale Philadelphia-,https://lousphila.com/,,"Notes: Wholesale distributor and supply store serving the Philadelphia area. It operates primarily as a wholesaler of a wide variety of products that local retailers, small businesses, and individual customers can purchase in bulk. The business has been established for many years and is known locally as a convenient source for wholesale goods
- https://lousphila.com/ 
       - WooCommerce-powered e-commerce site where businesses can browse and place orders online
         - Has premium theme WoodMart
        -Gives prices, discounts, sales, shows how many items are in stock, lists SKUS, order tracking
Are they a good fit?
No
They are already on a flexible, modern stack with WordPress and  WooCommerce, which can support advanced B2B functionality without requiring a full platform migration
Already supports price tiers, wholesale plugins, and account-based pricing extensions at relatively low cost, meaning they may not need a higher-touch custom solution | Wholesale distributor and supply store serving the Philadelphia area. It operates primarily as a wholesaler of a wide variety of products that local retailers, small businesses, and individual customers can purchase in bulk. The business has been established for many years and is known locally as a convenient source for wholesale goods
- https://lousphila.com/ 
       - WooCommerce-powered e-commerce site where businesses can browse and place orders online
         - Has premium theme WoodMart
        -Gives prices, discounts, sales, shows how many items are in stock, lists SKUS, order tracking
Are they a good fit?
No
They are already on a flexible, modern stack with WordPress and  WooCommerce, which can support advanced B2B functionality without requiring a full platform migration
Already supports price tiers, wholesale plugins, and account-based pricing extensions at relatively low cost, meaning they may not need a higher-touch custom solution; Sources: Associates First Lists"
797,"Quality Wholesaler & Distributor, Inc",,,"Address: 350 Beacham St, Chelsea, MA 02150; Sources: Letters"
808,Rego Trading,https://www.regotrading.com/,,"Notes: This client was interested in app. Randy was interested but his colleague was opposed to idea and said things work different and we are big company. This was one of very initial demo and unfortunately with employee opposition we were not able talk about integration. We just demo customer app to them. I just checked and apparently they have not upgraded yet; Address: 200 Liberty St, Metuchen NJ 08840; Sources: Associates Onboarding, Warm Leads"
666,Luxe Seafood Company,luxe-seafood.com,,"Address: Los Angeles Metropolitan Area, United States; Sources: Clay Batch"
667,"M & M Fastener Supply, Inc.",mmfastsupply.com,,Address: Los Angeles Metropolitan Area; Sources: Clay Batch
670,Mad Style,madstyleshop.com,,"Address: New York, New York, United States; Sources: Clay Batch"
817,RN International,https://www.rnwholesalers.com/,,"Address: 3909 W Lawrence Ave, Chicago, IL 60625; Industry: Convenience store supplies; Revenue: 3000000.0; Employees: 5.0; Sources: First Campaign"
671,Magner Corporation of America,magner.com,,Address: New York City Metropolitan Area; Sources: Clay Batch
819,Rocket 101 Wholesale,,,"Address: 2303 Weldon Pkwy, St. Louis, MO 63146; Sources: St Louis Missouri"
820,Rockland Athletic Supplies,rocklandathletics.com,,"Address: Greater Boston; Sources: Clay Batch, First Campaign"
821,Ronco Industrial Supply (Bensenville / Chicago area),https://www.shopronco.com/catalog/,,Sources: Industrial
672,Maison3Amis,devinecorp.net,,"Address: Los Angeles, California, United States; Sources: Clay Batch"
673,MAJESTY HOME,majestyhomeny.com,,"Address: New York, New York, United States; Sources: Clay Batch"
674,MakingCosmetics Inc.,makingcosmetics.com,,"Address: Greater Seattle Area, United States; Sources: Clay Batch"
827,S & K Distributors,,,"Address: 4001 G St, Philadelphia, PA 19124; Sources: First Campaign, Letters"
675,"MamaMia Produce, LLC",mamamiaproduce.com,,"Address: New York City Metropolitan Area, United States; Sources: Clay Batch"
676,Manufactured Duct & Supply,mdshvac.net,,"Address: Atlanta, Georgia, United States; Sources: Clay Batch"
677,"Manufacturers Distributor, Inc.",mdisales.com,,Address: Memphis Metropolitan Area; Sources: Clay Batch
829,S&A Wholesale,,,"Address: 4488 Woodson Rd, St. Louis, MO 63134; Sources: St Louis Missouri"
859,Sky Nutro,skynutro.com,,"Address: Greater Boston; Sources: Clay Batch, First Campaign"
678,MAP Restaurant Supplies,maprestsupply.com,,Address: New York City Metropolitan Area; Sources: Clay Batch
862,South Side Control Supply.,,,"Address: 488 N Milwaukee Ave Chicago, IL 60654; Sources: Letters"
869,SpartanNash,,,"Address: 850 76th St SW
Byron Center, MI 49315; Sources: Letters"
679,Maplevilles Cabinetry,maplevillescabinetry.com,,Address: Los Angeles Metropolitan Area; Sources: Clay Batch
681,Markets Depot USA,,,"Address: Atlanta, Georgia, United States; Sources: Clay Batch"
876,St Louis Wholesale Foods Inc,,,"Address: 1780 Burns Ave, St. Louis, MO 63132; Sources: St Louis Missouri"
683,Masline Electronics,masline.com,,"Address: Greater Boston, United States; Sources: Clay Batch"
684,Master Creations Inc,,,"Address: Atlanta, Georgia, United States; Sources: Clay Batch"
685,Master Minded Distribution,master-minded.com,,"Address: New York, New York, United States; Sources: Clay Batch"
878,Stan's Donuts & Coffee,,,"Address: 1301 W Lake St, Chicago, IL 60607; Sources: Letters"
686,"Master Toys & Novelties, Inc.",mastertoysinc.com,,"Address: Los Angeles, California, United States; Sources: Clay Batch"
687,Matisse Footwear,matissefootwear.com,,"Address: Los Angeles Metropolitan Area, United States; Sources: Clay Batch"
688,"Max Sales Group, Inc.",maxsalesgroup.com,,Address: Los Angeles Metropolitan Area; Sources: Clay Batch
689,"Mayer Malbin Company, Inc.",mayermalbin.com,,"Address: New York, New York, United States; Sources: Clay Batch"
690,Mayflower Sales Co. LLC,mfsales.com,,"Address: New York City Metropolitan Area, United States; Sources: Clay Batch"
691,MB Fragrances LLC,mbfragrances.com,,"Address: New York City Metropolitan Area, United States; Sources: Clay Batch"
692,McDonald Paper & Restaurant Supplies,mcdonaldpaper.com,,"Address: New York City Metropolitan Area, United States; Sources: Clay Batch"
694,"Mercer Medical, LLC",mercermedical.com,,"Address: Seattle, Washington, United States; Sources: Clay Batch"
894,Super Wholesale Los Angeles,,,"Address: 1438 E 15th St, Los Angeles, CA 90021; Sources: 11.15 Similar to Master G"
895,Superior Industrial Supply,https://superior-online.net/,,"Address: 7300 N Oak Park Ave, Niles, IL 60714; Industry: Packaging; Revenue: 26000000.0; Employees: 33.0; Year Founded: 1981.0; Sources: First Campaign"
901,T & N Chicago,http://www.tnchicagoinc.com/,,Sources: Industrial
912,The Fox Warehouse,,,"Notes: Phone doesn't work; Address: 1999 Brady Ave, East St Louis, IL 6220; Sources: St Louis Missouri"
695,MH Optical Labs,mhoptical.com,,Address: New York City Metropolitan Area; Sources: Clay Batch
699,"Midwest Trading Horticultural Supplies, Inc.",midwest-trading.com,,Address: Greater Chicago Area; Sources: Clay Batch
963,Wholesale USA,,,"Address: 10729 Trenton Ave, St. Louis, MO 63132; Sources: St Louis Missouri"
965,VA Wholesale,va-wholesale.com,,Notes: They were looking for upgrade and finally upgraded to Shopify; Sources: Warm Leads
700,Mikes Wholesale,,,Sources: 11.15 Similar to Master G
701,MILE HIGH CURE,milehighcure.com,,Address: Los Angeles Metropolitan Area; Sources: Clay Batch
702,Milhench Supply co,Home - Milhench,,"Notes: Founded 1932, Family owned, delivery fleet and vendor-managed inventory programs; Address: Medford, MA; Industry: Janitorial & Facility Supply; Sources: Associates First Lists"
703,"MILITARY PRESTIGE MARKETING, LLC",,,"Address: New York City Metropolitan Area, United States; Sources: Clay Batch"
704,Milro Services,milro.com,,"Address: New York City Metropolitan Area, United States; Sources: Clay Batch"
706,mission fine wines inc,,,Sources: 11.15 Similar to Master G
707,MNM Couture,mnmcouture.com,,"Address: Los Angeles, California, United States; Sources: Clay Batch"
709,Modern Aire Ventilating,modernaire.com,,"Address: Los Angeles, California, United States; Sources: Clay Batch"
710,Moeim Inc.,moeim.net,,"Address: Los Angeles, California, United States; Sources: Clay Batch"
713,Mountain States Marketing,wirelessrep.com,,"Address: Denver Metropolitan Area, United States; Sources: Clay Batch"
997,West Side Cash & Carry 87,,,"Address: 7401 W 87th St, Bridgeview, IL 60455; Sources: First Campaign"
714,mr wholesale inc,,,Sources: 11.15 Similar to Master G
1012,"WP Distributor, LLC",https://www.wpdistributor.com/,,Notes: Customer login portal.; Sources: 11.15 Similar to Master G
715,mt baker vapor llc,,,Sources: 11.15 Similar to Master G
716,"Murphy Industrial Products, Inc.",murphylift.com,,"Address: Houston, Texas, United States; Sources: Clay Batch"
717,Musician,musician.ua,,"Address: Los Angeles, California, United States; Sources: Clay Batch"
719,MVPS.com,mementomemorabilia.com,,Address: New York City Metropolitan Area; Sources: Clay Batch
721,NAPPCO Fastener Company,nappco.com,,"Address: Houston, Texas, United States; Sources: Clay Batch"
724,National Floral Supply Company,nationalfloralsupply.us,,Address: New York City Metropolitan Area; Sources: Clay Batch
725,Naturally White,naturallywhitetx.com,,"Address: Houston, Texas, United States; Sources: Clay Batch"
726,Nessi Foods,nessifoods.com,,Address: Los Angeles Metropolitan Area; Sources: Clay Batch
727,nevada candy,,,Sources: 11.15 Similar to Master G
729,New England Produce Center,http://www.nepctr.com/staff/,,Sources: 11.15 Similar to Master G
1019,Zdan,https://zdanbrand.com/,,Industry: Grocery; Revenue: 0.0; Online Ordering: Robust; Sources: First Campaign
730,New York Cosmetics,newyorkcosmetics.com,,"Address: New York City Metropolitan Area, United States; Sources: Clay Batch"
731,New York Jewelry Inc.,newyorkjewelryinc.com,,"Address: New York, New York, United States; Sources: Clay Batch"
1020,Ziyad,www.ziyad.com,,Industry: Grocery; Revenue: 0.0; Online Ordering: Robust; Sources: First Campaign
1021,Ziyad Brothers,,,"Address: 311 W Monroe St, Suite 407
Chicago, IL 60606; Sources: Letters"
732,New York Stone & Tile LLC,newyorkstone.com,,"Address: New York, New York, United States; Sources: Clay Batch"
733,newACunit.com,newacunit.com,,Address: Greater Phoenix Area; Sources: Clay Batch
49,Al Eryani Wholesale,,,"Address: 2501 Davis St, San Leandro, CA 94577; Sources: Letters"
735,NJ Restaurant Equipment,njresupply.net,,"Address: New York City Metropolitan Area, United States; Sources: Clay Batch"
54,Alhamrah,,,Sources: Outreach
736,NK Textile,nktextile.com,,"Address: New York, New York, United States; Sources: Clay Batch"
737,Nobscot Supply Co,Nobscot Supply Co. | PPE & Janitorial Products | WBE/DBE Certified – MA,,"Notes: Over 2 decades experience, Small WBE (woman business enterprise) distributor of PPE and janitorial supplies; Address: Framingham, MA; Industry: Janitorial & Facility Supply; Sources: Associates First Lists"
131,Banner Wholesale Grocers,https://www.bannerwholesale.com/,,"Address: 2639 S Damen Ave floor 1, Chicago, IL 60608; Revenue: 0.0; Online Ordering: Portal; Sources: First Campaign, Letters"
153,Best Value Inc,https://bestvalueinc.com/products.php,,"Address: 1526 Division St, Detroit, MI 48207; Industry: Convenience store supplies; Revenue: 0.0; Employees: 10.0; Sources: First Campaign, Letters"
738,North Shore Plumbing Supply Co.,northshoreplumbingsupply.com,,"Address: New York, New York, United States; Sources: Clay Batch"
155,Betty Inc,"https://bettyinc.com/contact/ 
No way to purchase online Spoke with Nicole and she said she'll pass my number on",,"Notes: Wholesale and closeout grocery distributor based in Philadelphia, PA. They specialize in selling name-brand and private-label products in bulk to independent grocery stores, institutional buyers, and other wholesale customers
Offer both wholesale distribution and retail (cash-and-carry) options through affiliates like S&S Foods and their private label brand Field Harvest
https://bettyinc.com/contact/ 
No way to purchase online 
Are they a good fit?
Yes
With a 400,000 sq ft warehouse and constantly changing closeout inventory, managing large catalogs, pricing updates, and stock levels can become complicated and manual
Customers would have to call about pricing and specific items in stock
Different buyers likely have different pricing tiers, bulk discounts, or negotiated rates which may be hard to keep track of; Sources: Associates First Lists, Outreach"
739,Northpoint Trading Co,,,Address: New York City Metropolitan Area; Sources: Clay Batch
740,NOVA of California,novaofcalifornia.com,,"Address: Los Angeles, California, United States; Sources: Clay Batch"
157,B&G Restaurant Supply,B&G Restaurant Supply - Serving New England & New York State,,"Notes: Founded 1985, Family run, can't order online?; Address: Pittsfield & Westwood MA; Industry: Restaurant Supply & Equipment; Sources: Associates First Lists, Outreach"
163,Big South Distribution,https://usleaf.com/,,"Sources: 11.15 Similar to Master G, Outreach"
741,Novostone,novostone.com,,"Address: Seattle, Washington, United States; Sources: Clay Batch"
181,Bonollo Provisions,https://www.bonollos.com/,,"Address: 55 Clarkson St, Providence, RI 02908; Industry: Meat Wholesaler; Revenue: 11000000.0; Employees: 45-56; Year Founded: 1968.0; Sources: First Campaign, Letters"
198,BTC Wholesale distributors,https://btcwholesale.com/,,"Notes: Customer login portal. Spoke with christy. Took down my name and email and said she would leave a message.; Address: 100 Airview Ln, Alabaster, AL 35007; Sources: 11.15 Similar to Master G, Outreach"
742,Nuworld Business Systems,nuworldinc.com,,Address: Los Angeles Metropolitan Area; Sources: Clay Batch
744,oksales inc,,,Sources: 11.15 Similar to Master G
203,C & S wholesale grocers,https://www.cswg.com/,,Industry: Grocery; Revenue: 0.0; Online Ordering: Robust; Sources: First Campaign
745,Old Station Outdoor and Landscape Supply,oldstationsupply.com,,"Address: Boston, Massachusetts, United States; Sources: Clay Batch"
232,Cash-Wa Distributing,,,"Address: 401 West 4th Street
Kearney, NE 68845; Sources: 11.15 Similar to Master G, Letters"
746,OLD WORLD CHRISTMAS,oldworldchristmas.com,,Address: Greater Seattle Area; Sources: Clay Batch
247,Cheesie's,,,"Address: 958 W Belmont Ave, Chicago, IL 60657; Sources: Letters"
249,Chef's Kitchen,https://ckfresh.com/,,"Address: 1400 W 44th St, Chicago, IL 60609; Industry: Grocery, restaurant supplies; Revenue: 3000000.0; Employees: 11.0; Online Ordering: Robust; Sources: First Campaign, Letters"
747,OMG Accessories,omgaccessories.com,,"Address: New York, New York, United States; Sources: Clay Batch"
748,"Organic Growth Holdings, Inc.",,,"Address: New York, New York, United States; Sources: Clay Batch"
749,Oswald Supply,oswaldsupply.com,,"Address: New York, New York, United States; Sources: Clay Batch"
255,Chicago Pallet,,,Sources: Outreach
308,D & B Grocers,,,"Address: 35400 Central City Pkwy
Westland, MI 48185; Sources: Letters"
310,D'Amato's Bakery,https://damatoschicago.com/,,"Address: 1124 W Grand Ave, Chicago, IL 60642; Revenue: 0.0; Sources: First Campaign, Letters"
750,Ovadia Diamond Company,ovadiadiamonds.com,,"Address: New York, New York, United States; Sources: Clay Batch"
751,"OxCart Engineering, LLC",oxcartengineering.com,,"Address: Dallas, Texas, United States; Sources: Clay Batch"
752,P3 Reps,p3reps.com,,"Address: New York City Metropolitan Area, United States; Sources: Clay Batch"
753,Pace Shave,paceshave.com,,"Address: New York City Metropolitan Area, United States; Sources: Clay Batch"
312,Dark Matter Coffee,,,"Address: 738 N Western Ave, Chicago, IL 60612; Sources: Letters"
754,Pacific Direct Industries,pacificdirectflooring.com,,"Address: Los Angeles, California, United States; Sources: Clay Batch"
755,"Pacific Plants, Inc.",pacificplants.com,,"Address: Seattle, Washington, United States; Sources: Clay Batch"
330,Devil Dawgs,,,"Address: 937 West Belmont Ave
Chicago, IL 60657; Sources: Letters"
756,Packaging Personified,https://www.packagingpersonified.com/,,"Address: 246 Kehoe Blvd Carol Stream, IL 60188. Packaging Personified Inc; Industry: Packaging; Employees: 240.0; Year Founded: 1975.0; Sources: First Campaign"
757,Paragon Group USA,paragon-outdoor.com,,Address: New York City Metropolitan Area; Sources: Clay Batch
758,Parkway Wholesale Electric & Lighting,parkwaywholesale.com,,"Address: Los Angeles County, California, United States; Sources: Clay Batch"
759,Partstown,,,Notes: Mentioned by CBA; Sources: Jan 2026
760,PBA Produce,pbaproduce.com,,"Address: Phoenix, Arizona, United States; Sources: Clay Batch"
761,Peformance Foods,https://www.performancefoodservice.com/Join-Our-Family/Become-a-Customer?campaign=1704686567&content=739806539519&keyword=performance%20food%20service&gad_source=1&gad_campaignid=1704686567&gbraid=0AAAAAC48FCOUM34Vyot6Vn9iT3tfD4FRR&gclid=Cj0KCQiAhOfLBhCCARIsAJPiopPIt3cDQeFqGy1omhU_aF2ljgQSBueUP1SBphw8bpTE2hgr1CNXi1EaAlM_EALw_wcB,,Notes: Mentioned by CBA; Sources: Jan 2026
348,Do-Rite Donuts,,,"Address: 233 East Erie St, Chicago, IL 60611; Sources: Letters"
762,Penn-Sylvan,americanhardwoodexport.com,,"Address: Cleveland, Ohio, United States; Sources: Clay Batch"
763,Perfect Holiday Inc,perfectholiday.us,,"Address: Los Angeles, California, United States; Sources: Clay Batch"
765,Perfumes Of The World,perfumesoftheworldus.com,,"Address: Dallas, Texas, United States; Sources: Clay Batch"
768,phd marketing inc,,,Sources: 11.15 Similar to Master G
770,Philadelphia Wholesale Produce Market,https://phillyfreshproduce.com/who-we-serve/#wholesale/,,"Notes: Not just an online store, it’s the official site for a major physical wholesale produce marketplace in Philadelphia, Pennsylvania
https://phillyfreshproduce.com/who-we-serve/#wholesale/ 
Are they a good fit?
No
Website isnt an ecommerce site
Uses wordpress though
Is more so informational then transactional listing markets with the merchants they work for
Operates on in-person buying and relationships
physical distribution hub
Could potentially be a good fit if they were considering taking orders online however since its perishables, not likely too because their brand is “fresh produce”; Sources: Associates First Lists"
771,Phillips & King,,,Sources: 11.15 Similar to Master G
772,Pico Janitorial Supplies,picojanitorialsupply.com,,"Address: Los Angeles, California, United States; Sources: Clay Batch"
774,Pod,podfoods.co,,"Address: Greater Boston, United States; Sources: Clay Batch"
775,Point Intl,point-intl.com,,"Address: New York, New York, United States; Sources: Clay Batch"
776,POP Creations,pop-creations.com,,"Address: New York, New York, United States; Sources: Clay Batch"
778,Portofino International Trading,portofinointl.com,,"Address: Los Angeles, California, United States; Sources: Clay Batch"
417,Fall River Cash & Carry,https://www.facebook.com/FallRiverCashandCarry/,,"Address: 1533 S Main St, Fall River, MA 02724; Industry: Grocery, wholesaler; Employees: 3.0; Year Founded: 2012.0; Sources: First Campaign, Letters"
780,Premium Windows,premiumwindowsinc.com,,"Address: Los Angeles Metropolitan Area, United States; Sources: Clay Batch"
781,Prepara,prepara.com,,"Address: New York City Metropolitan Area, United States; Sources: Clay Batch"
447,Food and Paper Supply Co,,,"Address: 4360 W 128th Pl, Alsip, IL 60803; Sources: Letters"
782,Primal Manufacturing,primalmanufacturing.com,,"Address: Seattle, Washington, United States; Sources: Clay Batch"
473,Giordano's,,,"Address: 730 N Rush St, Chicago, IL 60611; Sources: Letters"
783,Priority Products Inc,priorityproductsinc.com,,Address: Greater Chicago Area; Sources: Clay Batch
784,Pro Prime Product,proprimeproduct.com,,"Address: New York, New York, United States; Sources: Clay Batch"
500,Grand BK,https://www.grand-bk.com,,"Address: 333 Starke Rd, Carlstadt, NJ 07072; Sources: 11.15 Similar to Master G, Letters"
785,ProCases Inc.,procases.com,,"Address: Los Angeles, California, United States; Sources: Clay Batch"
501,GRB Distributors,,,"Address: 36-36 34th St, Astoria, NY 11106; Sources: 11.15 Similar to Master G, Letters"
502,Great Lakes Wholesale,,,"Address: 16410 S. John Lane Crossing
Unit #400
Lockport, IL 60441; Sources: Letters"
517,Hamsa Trading,,,"Address: 418 Taunton Ave, East Providence, RI 02914; Industry: unknown; Year Founded: 2022.0; Sources: First Campaign, Letters"
548,HR Supply Co,HR Supply Co | Commerical Kitchen Equipment and More | hrsupply.net,,"Notes: Founded in 1960, Family-owned; delivery and showroom; broad SKU catalog | Founded in 1960, Family-owned; delivery and showroom; broad SKU catalog; Address: Fall River, MA; Industry: Restaurant Supply & Equipment; Sources: Associates First Lists, Outreach"
561,Imbert Corporation,https://www.imbertcorp.com/,,"Address: 7030 N Austin Ave, Niles, IL 60714; Industry: HVAC; Revenue: 6000000.0; Employees: 23.0; Year Founded: 1950.0; Sources: First Campaign, Letters"
591,Jack Tuchten Wholesale Produce,https://www.jacktuchten.com/,,"Address: 2404 S. Wolcott Suite #16-20
Chicago, Illinois 60608; Revenue: 0.0; Sources: First Campaign, Letters"
786,Productigear,http://www.productigear.com/index.htm,,Sources: Industrial
787,"Progressive Hydraulics, Inc.",phionline.com,,"Address: New York City Metropolitan Area, United States; Sources: Clay Batch"
788,ProSource of New England,prosourceofnewengland.com,,"Address: Greater Boston, United States; Sources: Clay Batch"
789,Pulsar Products,pulsarproducts.com,,"Address: Cleveland, Ohio, United States; Sources: Clay Batch"
790,Pure Smoke LLC,https://www.puresmoketobacco.com/,,Sources: 11.15 Similar to Master G
642,Latino Food Distributors,,,Sources: Outreach
791,Purify Luxury Hair Tools,purifyyourhair.com,,"Address: Houston, Texas, United States; Sources: Clay Batch"
663,Lou Malnati's,,,"Address: 900 Busch Pkwy, Buffalo Grove, IL 60089; Sources: Letters"
792,qm distributors,,,Sources: 11.15 Similar to Master G
793,QMP Inc.,qmpusa.com,,"Address: Los Angeles County, California, United States; Sources: Clay Batch"
794,"Quality Automotive Accessories, Inc.",qaausa.com,,Address: Greater Boston; Sources: Clay Batch
795,Quality Dental Services,qualitydentalservices.com,,"Address: Los Angeles Metropolitan Area, United States; Sources: Clay Batch"
798,Quartz Surfacing and Stones,quartzsurfacingandstones.com,,"Address: Los Angeles, California, United States; Sources: Clay Batch"
799,QUINTESSENTIAL WINES LIMITED,quintessentialwines.com,,"Address: New York, New York, United States; Sources: Clay Batch"
664,Lou's Wholesale,https://louswholesale.com/,,"Address: 1522 S 7th St, Philadelphia, PA 19147; Sources: First Campaign, Letters"
800,RAD Extracts-Organic CBD and Contract Manufacturing,radextraction.com,,"Address: Denver, Colorado, United States; Sources: Clay Batch"
801,Rainforest Distribution,,,"Address: 20 Pulaski St, Bayonne, NJ 07002; Sources: Letters, Outreach"
802,Rashti & Rashti,rashtiandrashti.com,,Address: New York City Metropolitan Area; Sources: Clay Batch
698,Midwest Carpet & Flooring Inc,https://midwestcarpetandflooring.com/about-us,,"Address: 1201 West 37th Street, Chicago, Illinois 60609, United States; Industry: Carpeting and Flooring; Revenue: 5000000.0; Employees: 24.0; Year Founded: 2006.0; Sources: First Campaign"
803,Red Hill Supply,redhillsupply.com,,"Address: Houston, Texas, United States; Sources: Clay Batch"
705,Mina Foods inc,https://minafoodsinc.com/,,"Address: 100 Research Dr,
Milford, CT 06460; Industry: Food distributors (Greek); Revenue: 10000000.0; Employees: 18.0; Year Founded: 1998.0; Sources: First Campaign"
804,Redemption Plus,redemptionplus.com,,"Address: Greater Boston, United States; Sources: Clay Batch"
806,"Redway Group, Inc.",redwaygroup.com,,"Address: New York City Metropolitan Area, United States; Sources: Clay Batch"
807,regent products,,,Sources: Jan 2026
711,"Montano Cigarette, Candy & Tobacco",,,"Address: 290 Boston Post Road, Milford, CT 06460; Industry: Convenience store supplies; Revenue: 7000000.0; Employees: 30.0; Sources: First Campaign"
712,Mothership Wholesale,,,"Notes: Call back to check in later; Address: 6925 Gravois Ave, St. Louis, MO 63116; Sources: St Louis Missouri"
809,Reliable Sign Supply,reliablesignsupply.com,,"Address: Dallas, Texas, United States; Sources: Clay Batch"
810,Renegade Candles,renegadecandles.com,,"Address: New York, New York, United States; Sources: Clay Batch"
811,republic brands,,,Sources: 11.15 Similar to Master G
722,National Convenience Distributors,,,"Address: 21 Banfi Plaza
Farmingdale, NY 11735; Sources: Letters"
812,Reston Lloyd Ltd,restonlloyd.com,,"Address: New York City Metropolitan Area, United States; Sources: Clay Batch"
813,Rio Stones Inc.,riostones.com,,"Address: Los Angeles Metropolitan Area, United States; Sources: Clay Batch"
814,ripe vapes,,,Sources: 11.15 Similar to Master G
769,Philadelphia foods wholesale,"Website doesn't work 
https://philadelphiafoodsw.com
 tried calling and got sent to voicemail",,"Notes: Wholesale food distributor that supplies a variety of food products to other businesses (such as grocery stores, restaurants, and foodservice operations). The company handles transportation of freight and food items
Website doesn't work 
https://philadelphiafoodsw.com 
Are they a good fit?
Yes
No existing ecommerce system
Isn’t a widely listed website or public ecommerce portal for online ordering. Their business appears to be largely offline and relationship-drive
Would have to order through phone call
Staff likely write down or manually enter orders so harder to track inventory and could be more time consuming
Also no way to check pricing or place orders anytime which can be inconvenient to customers; Sources: Associates First Lists, Outreach"
815,Rmac Supplies,rmacsupplies.com,,"Address: New York City Metropolitan Area, United States; Sources: Clay Batch"
773,Pioneer Wholesale Meat Company,https://pioneerwholesalemeat.com/,,"Address: 2301 W Walnut St, Chicago, IL, 60612; Revenue: 0.0; Sources: First Campaign, Letters"
777,Portillo's,,,"Address: 2001 Spring Rd Ste 400
Oak Brook, IL 60523; Sources: Letters"
816,rmd holdings llc,,,Sources: 11.15 Similar to Master G
818,Rock Bottom Business Wholesale,,,"Address: 1120 Howard St, St. Louis, MO 63106; Sources: St Louis Missouri"
779,POWER WHOLESALE,,,"Notes: Hesitant to meet, but agreed; Address: 9759 St Charles Rock Rd, Breckenridge Hills, MO 63114; Sources: St Louis Missouri"
822,Roney Innovations,roneyinnovations.com,,"Address: Dallas County, Iowa, United States; Sources: Clay Batch"
823,ROSS METALS CORP.,rossmetals.com,,"Address: New York, New York, United States; Sources: Clay Batch"
796,Quality Wholesale STL,,,"Notes: Confirmed (seemed like it was a personal phone); Address: 2059 Concourse Dr, St. Louis, MO 63146; Sources: St Louis Missouri"
824,ROSSOW,rossow.fr,,"Address: New York City Metropolitan Area, United States; Sources: Clay Batch"
842,Seoul Taco,,,"Address: 46 Four Seasons Shopping Center

Chesterfield, MO 63017; Sources: Letters"
856,Simplex Janitorial Supplies,Janitorial Supplies & Commercial Cleaning Equipment | Simplex,,"Notes: 40+ years, Family-owned distributor serving schools, hospitals, and contractors; Address: Sharon, MA; Industry: Janitorial & Facility Supply; Sources: Associates First Lists, Outreach"
858,Sky Wholesale,"No website 

sky1wholesale@gmail.com
Spoke to Jack and he gave this email when asking to speak to a manager who wasn't available",,"Notes: Local wholesale distributor based in Philadelphia, Pennsylvania. It appears to be a neighborhood-focused wholesale business that serves other retailers, convenience stores, small businesses, or independent buyers in bulk. 
Are they a good fit?
Yes
No existing ecommerce system
Isn’t a widely listed website or public ecommerce portal for online ordering. Their business appears to be largely offline and relationship-drive
Would have to order through phone call
Staff likely write down or manually enter orders so harder to track inventory and could be more time consuming
Also no way to check pricing or place orders anytime which can be inconvenient to customers; Sources: Associates First Lists, Outreach"
866,Southside control supply,https://www.southsidecontrol.com,,"Address: 488 N Milwaukee Ave Chicago, IL 60654; Industry: Refrigeration equipment and repair parts; Revenue: 7000000.0; Employees: 6.0; Year Founded: 1940.0; Online Ordering: Appears to be punch out form; Sources: First Campaign"
874,Springfield Cash & Carry,https://3292.shurfinestores.com/Pages/22432/About%20Us,,"Address: 110 Avocado St, Springfield, MA 01104; Industry: Grocery; Revenue: 6000000.0; Employees: 20.0; Year Founded: 1985.0; Online Ordering: Login; Sources: First Campaign, Letters"
890,Sultana,,,Sources: Outreach
825,Royal Industries,https://royalindustriesinc.com/,,Sources: Industrial
826,Royal Papers - RoyaLab Cleaning Solutions Super Center,https://royalab.shopfront.com/scripts/cgiip.exe/WService=memord/shopfront3.0/pbr_default.htm?init=no,,Industry: Jan/san; Online Ordering: Robust; Sources: First Campaign
828,S3 Design Group LLC,,,"Address: West New York, New Jersey, United States; Sources: Clay Batch"
893,Super Wholesale Cash & Carry,,,"Address: 1438 E 15th St, Los Angeles, CA 90021; Sources: Letters"
903,Tapias Wholesale Inc,,,"Address: 2650 W Cullerton St, Chicago, IL 60608; Revenue: 0.0; Sources: First Campaign, Letters"
953,Unique Distributors,,,"Address: 10413 St Charles Rock Rd, St Ann, MO 63074; Sources: St Louis Missouri"
830,"Sales Producers, Inc.",salesproducersinc.com,,"Address: Los Angeles, California, United States; Sources: Clay Batch"
20,A-1 Restaurant Supply,https://www.a-1restaurantsupply.com/contact,,"Address: 221 Admiral St
Providence , RI 02908; Sources: 11.15 Similar to Master G, Letters"
831,Sam Salem & Son,samsalemson.com,,"Address: New York, New York, United States; Sources: Clay Batch"
832,samco wholesaler,,,Sources: 11.15 Similar to Master G
25,AAA Wholesale Cash & Carry,https://www.aaawholesale.com/,,"Notes: Page doesn't load; Address: 323 Malta St # 1, Brooklyn, NY 11207; Sources: 11.15 Similar to Master G, Letters"
37,Ace Wholesale Inc,https://www.acewh.com/,,"Notes: Customer login portal.; Address: 2008 48th Ave Ct E, Fife, WA 98424; Sources: 11.15 Similar to Master G, Letters"
56,All Brands Wholesale,,,"Address: 10338 Hempstead Rd, Houston, TX 77092; Sources: 11.15 Similar to Master G, Letters"
833,Samspace wholesale,no website,,"Address: 3141 Frankford Ave #59, Philadelphia, PA 19134; Sources: First Campaign"
68,Alpine Supply,https://www.alpinesupply.com/#,,"Address: 3311 Parkway Blvd, West Valley City, UT 84119; Sources: 11.15 Similar to Master G, Letters"
834,san francisco chaoclat facotry phoensix,,,Sources: 11.15 Similar to Master G
76,American Machine Tools Co.,https://www.americanmachinetools.com/,,"Address: American Machine Tools Co., 5862 N Northwest Hwy, Chicago, IL 60631; Sources: Industrial, Letters"
78,American Way Snack Foods,,,"Address: 6951 Chase Rd, Dearborn, MI 48126; Sources: 11.15 Similar to Master G, Letters"
835,"SANA QUANTUM HOMEOPATHIC PRODUCTS, INC.",,,Address: Los Angeles Metropolitan Area; Sources: Clay Batch
836,saveco wholesale,,,Sources: 11.15 Similar to Master G
83,ANR Wholesale,https://www.anrwholesalenj.com/,,"Notes: Other manager is Alim; let talk about him; Address: 100 Amity St, Jersey City, NJ 07304; Sources: 11.15 Similar to Master G, Letters"
837,Savory Gourmet,savorygourmet.com,,"Address: Los Angeles, California, United States; Sources: Clay Batch"
838,Scentco,,,Sources: 11.15 Similar to Master G
119,Avtx wholesale,https://www.avtxwholesale.com/,,"Address: 11528 Harry Hines Blvd Ste B213 Dallas Texas 75229; Sources: 11.15 Similar to Master G, Letters"
839,Schilling Supply Company,https://www.google.com/search?q=schilling+supply+company&oq=Schilling+Supply+Company&gs_lcrp=EgZjaHJvbWUqCggAEAAY4wIYgAQyCggAEAAY4wIYgAQyDQgBEC4YrwEYxwEYgAQyCAgCEAAYFhgeMggIAxAAGBYYHjIICAQQABgWGB4yCggFEAAYgAQYogQyCggGEAAYgAQYogTSAQc3NjJqMGo0qAIAsAIB&sourceid=chrome&ie=UTF-8,,"Industry: Jan/san, packaging, restaurant supplies; Online Ordering: Robust; Sources: First Campaign"
137,Barjo Wholesalers Inc,,,"Address: 1014 Park Blvd
Massapequa Park,  NY  11762; Sources: 11.15 Similar to Master G, Letters"
150,Best Buy Cash & Carry,https://bestbuyfresno.com/,,"Notes: autosky, sales agents go store, do have a website, only for searching for merchanidse. Called and left voicemail 2/18; Address: 2961 S Angus Ave, Fresno, CA 93725; Sources: 11.15 Similar to Master G, Outreach"
840,Scrap Metal Buyers,scrapmetalbuyers.com,,"Address: Houston, Texas, United States; Sources: Clay Batch"
841,SeaProducts West,seaproductswest.com,,"Address: Seattle, Washington, United States; Sources: Clay Batch"
212,Canyon Distributing Company,https://canyondistributing.com/,,"Notes: Website kind of jenky, but owner is super young?; Address: 2682 W Oatman Rd
Kingman, AZ 86413; Sources: 11.15 Similar to Master G, Letters"
843,Seven Stars Wholesale,sevenstarsnj.com,,Address: New York City Metropolitan Area; Sources: Clay Batch
844,"SHADE TREES NURSERY, INC.",shadetreesnursery.com,,"Address: New York City Metropolitan Area, United States; Sources: Clay Batch"
845,Sheba Wholesale,,,"Address: 300 E Godfrey Ave Unit 3E, Philadelphia, PA 19120; Sources: First Campaign"
846,Shepherd,ssponline.com,,"Address: Greater Boston, United States; Sources: Clay Batch"
231,Cash & Carry Paper,https://www.cashandcarrypaper.com/,,"Address: 914 E New York St, Indianapolis, IN 46202; Industry: Paper, packaging, jan/san, party supplies; Revenue: 15000000.0; Year Founded: 1953.0; Sources: First Campaign, Letters"
847,Shetakis Wholesalers,,,Sources: 11.15 Similar to Master G
244,Chambers Gasket & Manufacturing,"https://www.chambersgasket.com/about-us/#:~:text=Jack%20Chambers%20founded%20Chambers%20Gasket,on%20Quality%2C%20Accuracy%20and%20Service.",,"Address: 4701 West Rice Street Chicago, Illinois 60651; Industry: Industrial/MRO; Revenue: 5300000.0; Employees: 18.0; Year Founded: 1937.0; Sources: First Campaign, Letters"
245,Charles McRae Wholesale,https://mcraeproduce.com/,,"Address: 1700 W Carroll Ave, Chicago, IL 60612; Industry: Grocery; Revenue: 0.0; Sources: First Campaign, Letters"
848,shisha land wholesale,,,Sources: 11.15 Similar to Master G
849,Shots America LLC,shotsamerica.com,,"Address: Los Angeles County, California, United States; Sources: Clay Batch"
254,Chicago Nut & Bolt,https://cnb-inc.com/,,"Address: 145 Prairie Lake Road.
East Dundee, IL 60118; Industry: Fasteners; Revenue: 2500000.0; Employees: 21.0; Year Founded: 1912.0; Sources: First Campaign, Letters"
258,Church Point Wholesale,https://www.churchpt.com/,,"Notes: Customer login portal.; Address: 9684 Church Point Hwy, Church Point, LA 70525; Sources: 11.15 Similar to Master G, Letters"
850,Signed Pieces Group,signedpieces.com,,"Address: New York, New York, United States; Sources: Clay Batch"
260,Citation Box & Paper Co.,https://www.citationbox.com/,,"Address: 700 W Augusta Blvd, Suite 1, Chicago, IL 60651; Industry: Packaging & Paper; Revenue: 6000000.0; Employees: 15.0; Year Founded: 1951.0; Online Ordering: Godaddy; Sources: First Campaign, Letters"
462,Gem State Distributors,https://www.gemstatedist.com,,"Notes: Potentially a competitor; Address: 8000 Bluewater Rd NW STE E, Albuquerque, NM 87121; Sources: 11.15 Similar to Master G, Letters"
851,Signfab Inc,,,"Address: Boston, Massachusetts, United States; Sources: Clay Batch, First Campaign"
852,Signs PDQ Inc.,adasignswholesale.com,,Address: Greater Cleveland; Sources: Clay Batch
486,Génere Food,http://www.generefoods.com/,,"Address: 100 Niantic Ave, Providence, RI 02907; Industry: Grocery; Revenue: 11000000.0; Employees: 117.0; Year Founded: 2003.0; Online Ordering: Dated; Sources: First Campaign, Letters"
853,"Silverleaf Greenhouses, Inc",silverleafgreenhouses.com,,"Address: New York City Metropolitan Area, United States; Sources: Clay Batch"
854,Simon Agency,simonagency.com,,"Address: New York, New York, United States; Sources: Clay Batch"
855,"Simon Says Pet, LLC",simonsayspet.com,,"Address: Los Angeles, California, United States; Sources: Clay Batch"
495,Good Seasons Trading,,,"Address: 911 Massachusetts Ave, Boston, MA 02118; Sources: 11.15 Similar to Master G, Letters"
508,Grow Supply Shop,growsupplyshop.com,,"Address: 675 Alpha Drive, Suite E
Highland Heights, OH 44143; Sources: Clay Batch, First Campaign, Letters, Regulated Categories"
589,J Moresky And Son Inc,,,"Address: 5880 mahoning ave. #7 Austintown, Ohio 44515; Sources: 11.15 Similar to Master G, Letters"
605,Jonathan Sprouts,jonathansprouts.com,,"Address: 127 W Rodney French Blvd

New Bedford, MA 02744; Sources: Clay Batch, First Campaign, Letters"
857,Skincare by Feleciai,skincarebyfeleciai.com,,"Address: Oakland, California, United States; Sources: Clay Batch"
645,Leader Box Corporation,https://www.leaderboxcorp.com/,,"Address: 4831 S May St, Chicago, IL 60609; Industry: Packaging; Revenue: 3000000.0; Employees: 14.0; Sources: First Campaign, Letters"
860,SMZ Traders - Himalayan Salt,smzhimalayansalt.com,,"Address: Chicago, Illinois, United States; Sources: Clay Batch"
693,Wholesale Meats - Kingdom Farms,https://www.kingdomfarms.com/wholesale-meats/,,"Address: 2300 W. Lake St.
Chicago, IL 60612; Revenue: 0.0; Sources: First Campaign, Letters"
861,SOMME INSTITUTE,sommeinstitute.com,,"Address: New York, New York, United States; Sources: Clay Batch"
863,southbay wholesale,,,Sources: 11.15 Similar to Master G
864,Southern Finishing Supply,,,Address: Atlanta Metropolitan Area; Sources: Clay Batch
867,Spark Lighting,sparklighting.net,,"Address: New York, New York, United States; Sources: Clay Batch"
865,Southern Glazer's Beverage Company,,,"Address: 2400 SW 145th Avenue, Suite 200

Miramar, FL 33027; Sources: 11.15 Similar to Master G, Letters"
868,Sparkling Jewelry Inc.,sparklingjewelry.com,,"Address: Los Angeles, California, United States; Sources: Clay Batch"
870,"Spectrum Technologies, Inc.",specmeters.com,,Address: Greater Chicago Area; Sources: Clay Batch
873,Springfield Cash and Carry,https://www.springfieldcashncarry.com/,,"Notes: Ali lead (Met Ryan, liked the app, knows us as PQRID).

Said he wasn't here, and to call back Thursday afternoon.; Address: 110 Avocado St.
Springfield, MA 01104; Industry: Grocery; Revenue: 3000000.0; Employees: 6.0; Year Founded: 1985.0; Sources: First Campaign, Warm Leads"
871,Spicers,spicers.co.uk,,Address: Los Angeles Metropolitan Area; Sources: Clay Batch
892,Sunset Wholesale West,,,"Address: 3337 N 35th Ave, Phoenix, AZ 85017; Sources: 11.15 Similar to Master G, Letters"
872,Sportmax,sportmax.co.uk,,"Address: Los Angeles, California, United States; Sources: Clay Batch"
919,The Standard Companies / Shamrock Paper,https://www.thestandardcompanies.com/,,"Address: 2601 S. Archer Ave. Chicago, IL 60608; Industry: Packaging & Jan/San; Revenue: 49000000.0; Employees: 148.0; Year Founded: 1917.0; Sources: First Campaign, Letters"
924,Thomsen Foodservice,thomsenfoodservice.com,,"Address: 141 Narragansett Park Dr, Rumford, RI 02916; Industry: Food service: bulk products for both the foodservice industry and the general public; Revenue: 15000000.0; Employees: 18.0; Year Founded: 1951.0; Online Ordering: Strong; Sources: First Campaign, Letters"
949,Turek & Sons Construction Supply,https://www.turekandsons.com/,,"Address: 1333 S Jefferson St, Chicago, IL 60607; Sources: Industrial, Letters"
981,Vineyard Cash & Carry,https://www.hugedomains.com/domain_profile.cfm?d=vccfoods.com,,"Address: 10 Carrolls Way, Vineyard Haven, MA 02568; Industry: Food products supplier; Revenue: ""100 thousands to low millions""; Employees: 6 in summer 2 in offseason; Year Founded: 2005.0; Online Ordering: Website listed to be sold, (https://www.hugedomains.com/domain_profile.cfm?d=vccfoods.com); Sources: First Campaign, Letters"
875,St. Louis Wholesale LLC,,,Sources: 11.15 Similar to Master G
877,"Standard Wholesale Hardware, Inc.",standardlock.com,,"Address: New York, New York, United States; Sources: Clay Batch"
879,STAR AC Supply,staracsupply.com,,"Address: Dallas, Texas, United States; Sources: Clay Batch"
880,statewide products,,,Sources: 11.15 Similar to Master G
881,"Steamericas, Inc.",steamericas.com,,Address: Los Angeles Metropolitan Area; Sources: Clay Batch
995,Wertheimer Box,https://wertheimerbox.com/,,"Address: 7950 Joliet Rd, McCook, IL 60525; Industry: Packaging; Revenue: 21000000.0; Employees: 120.0; Year Founded: 1939.0; Sources: First Campaign, Letters"
882,Steer Sourcing,steersourcing.com,,"Address: Chicago, Illinois, United States; Sources: Clay Batch"
1018,Zander-Greg,,,"Address: 1650 Victory Blvd, Glendale, CA 91201; Sources: 11.15 Similar to Master G, Letters"
883,Stellar Technical Products,stellartechnical.com,,"Address: Los Angeles, California, United States; Sources: Clay Batch"
884,Steven Willand Inc,stevenwillandinc.com,,"Address: New York City Metropolitan Area, United States; Sources: Clay Batch"
885,stewart distribution,,,Sources: 11.15 Similar to Master G
886,Stone Lighting LLC.,stonelighting.net,,Address: Greater Chicago Area; Sources: Clay Batch
887,Stone Universe Inc,suistone.com,,Address: Los Angeles Metropolitan Area; Sources: Clay Batch
888,sugarfina llc,,,Sources: 11.15 Similar to Master G
889,Sullivan Commercial and Appliance,sullivancommercial.com,,"Address: Indianapolis, Indiana, United States; Sources: Clay Batch"
891,Sunjoy Group Inc,sunjoy.us,,Address: Greater Chicago Area; Sources: Clay Batch
896,Sutton Home Fashions,suttonhomefashions.com,,Address: New York City Metropolitan Area; Sources: Clay Batch
897,Swiss Madison,swissmadison.com,,"Address: New York City, New York, United States; Sources: Clay Batch"
898,Systems Distributors Inc.,sdilink.com,,"Address: Atlanta, Georgia, United States; Sources: Clay Batch"
899,T. Castro Produce,tcastroproduce.com,,"Address: Greater Chicago Area, United States; Sources: Clay Batch"
900,T. Mina Supply LLC,,,Address: New York City Metropolitan Area; Sources: Clay Batch
929,"T&K Sales, Inc.",tksalesinc.com,,"Address: Indianapolis, Indiana, United States; Sources: Clay Batch"
904,Tasha Apparel Wholesale,tashaapparel.com,,"Address: Los Angeles, California, United States; Sources: Clay Batch"
905,TayCo Farms LLC,taycofarmsllc.com,,"Address: Greater Houston, United States; Sources: Clay Batch"
906,"Tek Pak, Inc.",https://www.tekpak.com/,,"Address: 1336 Paramount Parkway, Batavia, Illinois 60510, US; Industry: Medical Packaging; Employees: 52.0; Year Founded: 1992.0; Sources: First Campaign"
907,TeleDynamics,teledynamics.com,,"Address: New York, New York, United States; Sources: Clay Batch"
908,Test Gauge & Backflow Supply,shopbackflow.com,,Address: Greater Houston; Sources: Clay Batch
44,AGNE (Associated Grocers of New England),https://www.agne.com/retailer-services,,"Address: 11 Cooperative Way, Pembroke, NH 03275; Sources: First Campaign, Letters"
909,Texas Slots & Gaming Inc.,texasslotsandgaming.com,,"Address: Dallas, Texas, United States; Sources: Clay Batch"
910,The Brush Man,brushman.com,,"Address: Indianapolis, Indiana, United States; Sources: Clay Batch"
911,The Fish Palace,fishpalace.co.za,,"Address: Phoenix, Arizona, United States; Sources: Clay Batch"
913,The French Farm,frenchfarm.com,,"Address: Houston, Texas, United States; Sources: Clay Batch"
914,The Major League University,themluniversity.com,,Address: Greater Richmond Region; Sources: Clay Batch
915,The Mamba Brand,https://www.themambabrand.com/,,Sources: Regulated Categories
916,The Newton Group Inc.,newtonpro.com,,"Address: Denver, Colorado, United States; Sources: Clay Batch"
917,The Packaging Wholesalers,https://packagingwholesalers.com/,,"Address: 1717 Gifford Rd, Elgin, IL 60120; Industry: Packaging; Employees: 103.0; Year Founded: 2001.0; Online Ordering: Robust; Sources: First Campaign"
918,"The Part Works, Inc",thepartworks.com,,"Address: Greater Seattle Area, United States; Sources: Clay Batch"
920,the supply joint,,,Sources: 11.15 Similar to Master G
921,The Terpene Store,theterpenestore.com,,"Address: Los Angeles, California, United States; Sources: Clay Batch"
922,Theraplant,theraplant.com,,Address: Los Angeles Metropolitan Area; Sources: Clay Batch
923,Thompson,https://thompsonwholesale.com/,,Notes: Randomly found; Sources: Jan 2026
925,Three by Three Seattle,threebythree.com,,"Address: Seattle, Washington, United States; Sources: Clay Batch"
926,"Tiffany Lawn & Garden Supply, Inc.",tiffanylawn.com,,"Address: Indianapolis, Indiana, United States; Sources: Clay Batch"
927,Tire Management Holdings,tiremanagementinc.com,,Address: Greater Chicago Area; Sources: Clay Batch
928,Titan Home Products (THP),titanhomeproducts.com,,"Address: Los Angeles, California, United States; Sources: Clay Batch"
930,To Rise LLC - Smart solutions for supplies,torisesupplies.com,,Address: New York City Metropolitan Area; Sources: Clay Batch
931,tobacco cartel inc,,,Sources: 11.15 Similar to Master G
932,tokers hub,,,Sources: 11.15 Similar to Master G
933,TONYMOLY USA,tonymoly.us,,Address: New York City Metropolitan Area; Sources: Clay Batch
934,Top Pick Global Inc.,rocketdog.com,,"Address: Los Angeles, California, United States; Sources: Clay Batch"
935,Touch Textiles by EZ Fabric INC,ezfabricinc.com,,"Address: Los Angeles, California, United States; Sources: Clay Batch"
936,"ToyService, Inc",toyserviceinc.com,,"Address: Dallas, Texas, United States; Sources: Clay Batch"
937,TPG Creations / The Pencil Grip,thepencilgrip.com,,"Address: Los Angeles, California, United States; Sources: Clay Batch"
938,TradeHost.com,tradehost.com,,"Address: Los Angeles, California, United States; Sources: Clay Batch"
939,"Trans Globe Lighting, Inc.",tglighting.com,,"Address: Los Angeles, California, United States; Sources: Clay Batch"
940,Trans-Ocean Import Co.,transocean.com,,"Address: New York City Metropolitan Area, United States; Sources: Clay Batch"
941,Treat House,treathouse.com,,"Address: New York, New York, United States; Sources: Clay Batch"
942,Trepco WEst,,,Sources: 11.15 Similar to Master G
943,trepid wholesale,,,Sources: 11.15 Similar to Master G
944,Tribeca Hair Studio NYC,,,"Address: New York, New York, United States; Sources: Clay Batch"
945,"TRIPLE ACCESSORIES, INC",,,"Address: Los Angeles, California, United States; Sources: Clay Batch"
946,TruPar.com,trupar.com,,"Address: Los Angeles, California, United States; Sources: Clay Batch"
947,"Truststone Group, LLC",,,"Address: New York City Metropolitan Area, United States; Sources: Clay Batch"
948,Tuel | Berodin by Eva's Esthetics,evasesthetics.com,,"Address: Oakland, California, United States; Sources: Clay Batch"
950,Twin River Group Inc,twinrivergroup.com,,"Address: New York City Metropolitan Area, United States; Sources: Clay Batch"
951,Ulta Salon & Beauty,,,"Address: Atlanta, Georgia, United States; Sources: Clay Batch"
952,UNIQ Supply,frozendessertsupplies.com,,Address: Greater Phoenix Area; Sources: Clay Batch
954,"Unite Medical, LLC",unitemedical.net,,"Address: Atlanta, Georgia, United States; Sources: Clay Batch"
956,United Canna Supply,unitedcannasupply.com,,Address: Greater Boston Area; Sources: Clay Batch
955,United distribution,,,"Address: 760 S New Florissant Rd, Florissant, MO 63031; Sources: St Louis Missouri"
957,UNITED INTIMATE GROUP INC.,unitedintimate.com,,"Address: New York, New York, United States; Sources: Clay Batch"
958,United Leather Inc.,unitedleather.com,,"Address: Los Angeles, California, United States; Sources: Clay Batch"
959,United Restaurant Equipment,Home - United Restaurant Equipment,,"Notes: 80+ years, commercial restaurant equipment distributor; Address: North Billerica, MA; Industry: Restaurant Supply & Equipment; Sources: Associates First Lists"
961,Universal Flooring Supply,universalfloorsupply.com,,"Address: Greater Houston, United States; Sources: Clay Batch"
6,21 Wholesale Distribution,https://twentyonewholesale.com/,,"Notes: Doesn't work, used to be shopify; Address: 33 Hannon St, Dorchester, MA 02124; Sources: 11.15 Similar to Master G, Letters"
962,upchurch candy co,,,Sources: 11.15 Similar to Master G
964,USA Wholesale Suppliers,usawholesalesupplies.com,,"Address: New York City Metropolitan Area, United States; Sources: Clay Batch"
8,4 M Fruit Distributors Inc,No,,"Address: 34 Market St, Everett, MA 02149; Sources: 11.15 Similar to Master G, Letters"
58,All Material Handling,https://www.allmaterialhandling.com/,,"Address: 345 N Canal St c1, Chicago, IL 60606; Revenue: 0.0; Sources: First Campaign, Letters, Outreach"
97,Arizona Complete,https://www.arizonacomplete.com/,,"Notes: Customer login portal.; Address: 6020 N 55 Ave, Glendale, AZ 85301; Sources: 11.15 Similar to Master G, Letters"
967,Val's Ocean Pacific,valsop.com,,"Address: New York, New York, United States; Sources: Clay Batch"
124,B Green Wholesale,https://www.bgreenco.net/shop-now/,,"Notes: In Development; Address: 1300 S Monroe St # 2, Baltimore, MD 21230; Sources: 11.15 Similar to Master G, Letters, Outreach"
966,valiant distribution(las vegas),,,Sources: 11.15 Similar to Master G
968,"Vanderbilt Home Collections, LLC",vanderbilthc.com,,"Address: New York, New York, United States; Sources: Clay Batch"
274,Cloud 9 Distributors LLC,https://www.c9dist.com/,,"Notes: Looks robust, none of the buttons work.; Address: 237 N Euclid Way unit I, Anaheim, CA 92801; Sources: 11.15 Similar to Master G, Letters"
463,General Candy Company,generalcandycompany.com,,"Notes: Jack and Bill; Address: 4800 Oleatha Ave, St. Louis, MO 63116; Sources: 11.15 Similar to Master G, Associates Onboarding, Letters, St Louis Missouri"
969,Vapon Inc,vapon.com,,Address: New York City Metropolitan Area; Sources: Clay Batch
970,vaporbeast llc,,,Sources: 11.15 Similar to Master G
971,Varouj Appliances,varoujappliances.com,,Address: Los Angeles Metropolitan Area; Sources: Clay Batch
972,Vasesource,vasesource.com,,Address: New York City Metropolitan Area; Sources: Clay Batch
718,Mutual Produce Corp,No,,"Address: 300 Beacham St, Chelsea, MA 02150; Sources: 11.15 Similar to Master G, Letters"
973,Vegas Wholesale,,,Sources: 11.15 Similar to Master G
974,vend source,,,Sources: 11.15 Similar to Master G
975,Vertex Fasteners,"https://vertexfasteners.com/about#:~:text=Vertex%20Fasteners%2C%20located%20in%20Des,by%20Leggett%20%26%20Platt%20in%201998.",,"Address: 1798 Sherwin Ave, Des Plaines, IL 60018; Industry: Fasteners; Employees: 60.0; Year Founded: 1992.0; Sources: First Campaign"
960,Universal WholeSale,https://www.universalwholesaleonline.com/,,"Notes: Ali lead (Talked to them last year. They were using Shopify then. Were waiting until they have a backend system as well). 

Said that since it's Q4 of the year, they don't want to touch anything right now. Can leave a note and get back in touch at the start of next year. 

Confirmed again they don't want to have any conversations right now. Would be implementing earliest Q2.; Address: 16400 Eight Mile W, Southfield, MI 48075; Industry: Grocery; Revenue: 5000000.0; Employees: 6.0; Year Founded: 1986.0; Sources: First Campaign, Letters, Warm Leads"
976,Veteran Company,veteranco.com,,"Address: Los Angeles, California, United States; Sources: Clay Batch"
977,via trading,,,Sources: 11.15 Similar to Master G
978,VICI Brands,vicibrands.com,,"Address: New York, New York, United States; Sources: Clay Batch"
979,Victory Supply,victorysupplyinc.com,,"Address: New York City Metropolitan Area, United States; Sources: Clay Batch"
980,Vineyard Cash and Carry,,,"Notes: About
Wholesale restaurant/food-service supply 
Open to the public
Sell to yacht owners visiting the island
Seasonal staffing swings
No website, walk-in and call to order

PAIN POINTS: Potential problems
The owner is looking to descale as he's close to retiring. Why not keep production levels with the help of Inzollo?
The business likely depends heavily on the owner’s institutional knowledge for pricing, customer relationships, purchasing, and delivery exceptions—making a leadership transition risky without systematized workflows and data visibility
Potential Solution
Inzollo can turn owner’s knowledge into process: customer accounts with price tiers/tax logic, centralized order intake (web/phone/walk-in into one system), inventory/reorder alerts, employee permissions, and attached documents on orders—so day-to-day execution doesn’t require the owner in the loop.
A branded portal/app would let restaurants, boats, churches, and other repeat buyers self-serve 24/7 with one-click reorders, clear invoices, and delivery visibility—reducing churn risk when ownership changes.; Sources: Associates Onboarding"
982,Vineyard Road Inc.,vineyardroad.net,,"Address: Boston, Massachusetts, United States; Sources: Clay Batch"
18,A to Z Wholesale,https://atozwholesalers.com/,,"Notes: Online wholesale retailer/distributor specializing in vaping and smoking-related products
https://atozwholesalers.com/product-category/vapes/air-bar/air-bar-ab-5000/
WooCommerce on Wordpress 
Basic website, create account for pricing, 
Are they a good fit?
Potentially 
Website is slow 
If they sell a lot of products and prices change often, it can be hard to keep pricing accurate and organized without mistakes
Seems like they may not be tracking inventory through an online system. If their website isn’t connected to inventory or accounting systems, employees may have to manually fix orders or update stock
Is a functional site but may seem basic and slow
Where we come in
Make ordering faster and easier for repeat wholesale buyers.
Improve how pricing is managed so they don’t lose money from mistakes.
Connect their website to inventory and backend systems to reduce manual work.
Clean up the tech setup so the site runs faster and scales better; Address: 7600 State Rd., Philadelphia, PA 19136; Sources: 11.15 Similar to Master G, Associates First Lists, Letters, Outreach"
983,VIP Cabinets,vipcabinets.com,,"Address: Phoenix, Arizona, United States; Sources: Clay Batch"
984,Visions Espresso Service,visionsespresso.com,,"Address: Seattle, Washington, United States; Sources: Clay Batch"
985,Visual I.D.,vidnyc.com,,"Address: Los Angeles, California, United States; Sources: Clay Batch"
986,VK Wholesale,https://www.vkwholesale.com/4-seasons-motor-oil-6pk.html,,Sources: Jan 2026
987,VMT DISTRIBUTORS,vmtdist.com,,"Address: New York City Metropolitan Area, United States; Sources: Clay Batch"
988,"VOTUM ENTERPRISES, LLC",votumus.com,,"Address: Richmond, Virginia, United States; Sources: Clay Batch"
989,Vuber,vubertechnologies.com,,"Address: Seattle, Washington, United States; Sources: Clay Batch"
990,vype vapor wholesale,,,Sources: 11.15 Similar to Master G
991,Walker Bookstore (Mark My Words LLC),walkerbookstore.com,,Address: Greater Phoenix Area; Sources: Clay Batch
992,Wayside Fence Company,waysidefence.com,,"Address: New York City Metropolitan Area, United States; Sources: Clay Batch"
993,"WBC Showroom, Inc",wbcshowroom.com,,"Address: Los Angeles, California, United States; Sources: Clay Batch"
994,"Webson Fasteners, LLC",websonfasteners.com,,"Address: New York, New York, United States; Sources: Clay Batch"
996,West Phoenix Winsupply,westphoenixwinsupply.com,,"Address: Phoenix, Arizona, United States; Sources: Clay Batch"
998,WeVeel Toys & Stationery,weveel.com,,"Address: New York City Metropolitan Area, United States; Sources: Clay Batch"
47,AK Wholesale Inc,,,"Address: Ak Wholesale Inc, 10 Gateway Rd, Bensenville, IL 60106; Sources: 11.15 Similar to Master G, Letters, Outreach"
999,Whole Organix,wholeorganix.com,,"Address: Houston, Texas, United States; Sources: Clay Batch"
656,Wholesale & Liquidation Experts,wlexperts.com,,"Address: Atlanta, Georgia, United States; Sources: Clay Batch"
135,Bargain Max Wholesale,https://www.bmxws.com/,,"Address: 2201 E Brundage Ln, Bakersfield, CA 93307; Sources: 11.15 Similar to Master G, Letters, Outreach"
301,C&S Wholesale Grocers,,,"Address: 7 Corporate Dr, Keene, NH 03431; Sources: 11.15 Similar to Master G, Letters, Outreach"
445,Wholesale Flowers,wholesaleflowersandsupplies.com,,"Address: Los Angeles, California, United States; Sources: Clay Batch"
449,"Food Pro Distributing, Inc.",https://foodprolasvegas.com/,,"Notes: This was very interested customer, we lost due to team member unresponsiveness messages from customer"" Id would like to see if this may be a good tool for our business.  I watched the demo and see some areas that this could serve us.  Let me know a time we could discuss costs, etc?"". ""thanks for reaching out.  Our initial set up with you just went too long so we are going with a different company.  We wish you and your team the best."". I was not aware of this lead until recently. Lets find a creative way to win this now:). We were PQRID then; Address: 3655 E Patrick Ln #100, Las Vegas, NV 89120; Industry: Food & Snacks; Revenue: 0.0; Sources: Associates Onboarding, First Campaign, Letters, Warm Leads"
530,HDI Wholesale,https://www.hdiwholesale.com/,DO NOT CONTACT,"Notes: Anne Blaedow and her sister Sara Depies are the owners; Address: N172W21930 Caymus Ct, Jackson, WI 53037; Sources: 11.15 Similar to Master G, Letters, Outreach"
902,Wholesale Tablets,wholesaletablets.com,,"Address: Los Angeles, California, United States; Sources: Clay Batch"
2,1 Oak Wholesale,https://1oakwholesale.com/customer/account/login/,,"Address: 91 N Mitchell Ct,
Addison, IL 60101; Sources: 11.15 Similar to Master G, Letters, Outreach"
1000,"Wilco Imaging, Inc. - A Lore Technology Company",wilcoimaging.com,,"Address: Indianapolis, Indiana, United States; Sources: Clay Batch"
1001,"Wildlife Artists, Inc.",wildlifeartistsinc.com,,Address: New York City Metropolitan Area; Sources: Clay Batch
1002,Willow,cookwithwillow.com,,"Address: New York, New York, United States; Sources: Clay Batch"
1003,Winner Wireless | Cube,winnerwireless.com,,"Address: Dallas, Texas, United States; Sources: Clay Batch"
1004,Winston-Cox Waterworx,winstoncoxwater.com,,"Address: Dallas-Fort Worth Metroplex, United States; Sources: Clay Batch"
1005,"Wirefree Mobile, Inc.",wirefreemobile.com,,"Address: Los Angeles Metropolitan Area, United States; Sources: Clay Batch"
1006,Wireless World,wirelessworld.us,,"Address: Los Angeles, California, United States; Sources: Clay Batch"
1007,"Woods & Jaye Sales Co., Inc.",wjny.com,,"Address: New York, New York, United States; Sources: Clay Batch"
1008,Woollyfelt,woollyfelt.com,,"Address: Denver, Colorado, United States; Sources: Clay Batch"
1009,Woqr Brand,woqrbrand.com,,"Address: Atlanta, Georgia, United States; Sources: Clay Batch"
1010,World Rug Gallery,worldruggallery.com,,Address: New York City Metropolitan Area; Sources: Clay Batch
1011,World Wide Metric,worldwidemetric.com,,Address: New York City Metropolitan Area; Sources: Clay Batch
1013,Wurth International Trading America,wurth-international.com,,"Address: New York City Metropolitan Area, United States; Sources: Clay Batch"
1014,Y&B Lighting & Electric Supplies,yblighting.com,,"Address: New York, New York, United States; Sources: Clay Batch"
1015,Yell-O-Glow Wholesale Distribution,https://yell-o-glow.com/,,"Notes: Order links broken; Address: 25 Arlington St, Chelsea, MA 02150; Sources: 11.15 Similar to Master G, Letters"
1016,yellow bird wholesale,,,Sources: 11.15 Similar to Master G
1017,"Your Chair Covers, Inc",yourchaircovers.com,,"Address: Los Angeles, California, United States; Sources: Clay Batch"
1018,AM Sales Inc.,N/A,,"Notes: Attending ASD; Address: 701 West Rand Road Unit# 438
Arlington Heights, IL 60004
United States"
1019,Lucky Star Import & Export Inc,site doesn't work http://luckystarimport.com/defaultsite,,"Notes: Attending ASD; Address: 6355 Chalet Dr. Commerce, CA 90040, California, United States"
1020,Baba Distributor,,,"Address: 512 NJ-27, Iselin, NJ 08830"
1021,26 California Wholesale,https://26cws.com/,,"Notes: Attending ASD; Address: 2845 East 26th Street, Vernon, CA 90058"
1022,"A-1 Wholesale, Inc",(could be wrong website) https://a1wholesaleusa.com/,,"Notes: Attending ASD; Address: (could be potentially wrong address) 2605 Mountain Industrial Blvd Suite 1, Tucker, Georgia 30084"
1023,aLeaf,http://aleafglass.com,,"Notes: Attending ASD; Address: 305 E 4th St. Los Angeles, CA 90013"
1024,Allied International Corp,https://www.alliedint.com/,,Notes: Attending ASD; Address: Maryland
1025,Alpine Net Corporation,https://www.alpinenetcorp.com/index.html,,"Notes: Attending ASD; Address: 3567 Kennedy Rd, South Plainfield, NJ 07080"
1026,"American Dream Home Goods, Inc.",https://www.adhomegoods.com/,,"Notes: Attending ASD; Address: 138 Delawanna Avenue, Clifton, NJ 07014"
1027,"AP&P/USASIA EXCHANGE, INC.",(website doesnt work)https://www.apnpbattery.com/,,"Address: 6405 Alondra Blvd, Paramount, California.."
1028,Arsh Wholesale,https://arshwholesale.com/,,"Notes: Attending ASD; Address: 8171 Alpine Avenue Suite B, Sacramento, CA, USA"
1029,Aryana Importers & Wholesalers,listed www.zcellusa.com however it doesn't work and after reseraching found this link https://www.aryanaimporters.com/login,,"Notes: Attending ASD; Address: (could be potentially wrong address) 2063 Mountain Industrial Blvd, Tucker, GA 30084"
1030,Avalon Meat Candy,https://avalonmeatcandy.com/,,"Notes: Attending ASD; Address: 6560 Spencer St. Unit 125 Las Vegas, NV 89119"
1031,Bazic Products,https://www.bazic.com/,,"Notes: Attending ASD; Address: 10511 Valley Blvd,  El Monte, California U.S.A. 91731"
1032,Beanhut Corp.,https://beanhut.com/,,"Notes: Attending ASD; Address: 21086 24th Ave S, Suite 127, Seattle, WA 98198"
1033,Big Star Supply USA INC,n/a,,
1034,Boulder International,https://bouldervape.com/,,Notes: Attending ASD
1035,Brand Name Distributors,https://brandnamedistributors.com/,,"Notes: Attending ASD; Address: 175 Central Avenue South, Bethpage, NY 11714, USA"
1036,"CB Distributors, Inc.",https://www.cbprices.com/,,"Notes: Attending ASD; Address: 2500 Kennedy Drive, Beloit, WI 53511"
1037,Central Supply,http://www.centralhba.com,,"Notes: Attending ASD; Address: 4724 18th Ave., Brooklyn, NY 11204"
1038,Chicago Import Inc.,https://www.chicagoimportinc.net/,,"Notes: Attending ASD; Address: 3811 W. Lawrence Avenue Chicago, IL 60625"
1039,CIS Wholesale,https://ciswholesale.com/contact/,,"Notes: Attending ASD; Address: 19401 Rogers Dr, Suite 150, Rogers MN 55374"
1040,Coastal Clouds,https://coastalcloudsco.com/ also have another site https://coastalcloudshemp.com/,,"Address: COASTAL CLOUDS CO. PO BOX 16032 IRVINE, CA 92623"
1041,Cotton Valley LLC,https://www.cottonvalley.net/,,"Notes: Attending ASD; Address: Cotton Valley LLC, 326 APPLEGARTH ROAD MONROE, NJ 08831"
1042,DBZ Enterprises LLC,https://dbzenterprises.com/,,"Notes: Attending ASD; Address: 9321 E Willis Rd. Suite #120, Mesa, AZ 85212"
1043,AK Wholesale,,,Notes: Attending ASD
1044,CPG Distribution,https://cpgdistributor.com/,,Notes: Attending ASD
1045,Deluxe Import Trading,http://www.deluxegm.com,,"Notes: Attending ASD; Address: Carson, CA"
1046,Desperate Enterprises,http://www.tinsigns.com,,"Notes: Attending ASD; Address: 2211 Medina Rd Bldg 700, Medina, OH 44256"
1047,Sky Colors,https://skycolorsfmcg.com/,DO NOT CONTACT - Bad timing,"Notes: Attending ASD; Address: Office 905, Emirates NBD Bank Building, Baniyas Road, Deira, Dubai, UAE"
1048,Dollar Empire LLC,http://www.dollarempirellc.com,,"Notes: Attending ASD; Address: 4423 E. Bandini Blvd, Los Angeles, CA 90058"
1049,Dowin Enterprises USA,https://dowinproducts.com/index.php?,,"Notes: Attending ASD; Address: 4500 S Kolin Ave, Chicago, IL 60632"
1050,E&G Wholesale,https://eandgwholesale.com/,,"Notes: Attending ASD; Address: 1200 River Ave, Suite 7B-180, Lakewood, NJ 08701"
1051,Driftstone Pueblo Wholesale,https://wholesale.driftstonepueblo.net/,,"Notes: Attending ASD; Address: 702 W Tower Rd, St. Elmo, IL 62458"
1052,Drs Pharmacy,https://Drspharmacyusa.com,,"Notes: Attending ASD; Address: 1666 E. Lincoln Ave, Madison Heights, MI 48071"
1053,Dura-Kleen,http://www.euro-ware.com,,"Notes: Attending ASD; Address: New York, NY"
1054,Dynasty Gift Inc,http://www.dynasty88.com,,"Notes: Attending ASD; Address: 3000 Tanager Ave, Commerce, CA 90040"
1055,Everbright Inc.,http://www.everbrightinc.com,,"Notes: Attending ASD; Address: 600 Hartle Street, Unit D, Sayreville, NJ 08872"
1056,Everbright Trading Inc.,https://www.everbrightwholesale.com,,"Notes: Attending ASD; Address: 1177B Flushing Ave, Brooklyn, NY 11237"
1057,EZ Wholesale Inc,http://ezwholesaleinc.com,,"Notes: Attending ASD; Address: 2100 S. Broadway #202, Los Angeles, CA 90007"
1058,Fantasy Gifts,http://www.fantasy-gift.com,,"Notes: Attending ASD; Address: 1196 Vanderbilt Circle, Manteca, CA 95337"
1059,Fattah Trading Company,http://www.adwholesale.com,,"Notes: Attending ASD; Address: 4545 W. Armitage Avenue, Chicago, IL 60639"
1060,Faz Marketing LLC,http://www.fazmarketing.com,,"Notes: Attending ASD; Address: 13019 Debarr Dr, Austin, TX 78729"
1061,Fiesta Toy,http://www.fiestatoy.com,,"Notes: Attending ASD; Address: 2834 East 46th Street, Vernon, CA 90058"
1062,First Wholesale Inc,https://www.firstwholesale.us/,,Notes: Attending ASD
1063,Flags Importer Corp,http://www.flagsimporter.com,,"Notes: Attending ASD; Address: 2080 S. Cucamonga Ave, Ontario, CA 91761"
1064,Flash Sales,https://www.flashsales.com,,"Notes: Attending ASD; Address: 4401 N.W. 167 St, Miami, FL 33055"
1065,"Fred 26 Importers, Inc.",http://www.fred26.com,,"Notes: Attending ASD; Address: 4401 S. Soto Street, Vernon, CA 90058"
1066,Four Seasons General Merchandise,http://www.4sgm.com,,"Notes: Attending ASD; Address: 2801 E. Vernon, Los Angeles, CA 90058"
1067,Fun Factory Candy & Novelty Co.,http://www.funfactorycandy.com,,"Notes: Attending ASD; Address: 18698 E. Business Park Dr. #107, Queen Creek, AZ 85142"
1068,Fun Tech Imports,,,"Notes: Attending ASD; Address: 2550 Corporate Pl, Ste C106, Monterey Park, CA 91754"
1069,Gapardis Inc,,,"Notes: Attending ASD; Address: 1852 NE 144th St, North Miami, FL 33181"
1070,Edge Imports Inc,http://www.edgeimports.net,,"Notes: Attending ASD; Address: 580 McIntyre Rd, Suite 150, McKinney, TX 75071"
1071,"Econo Trade Impex, Inc",http://www.Econotrades.com,,"Notes: Attending ASD; Address: 4728 Felspar St, Jurupa Valley, CA 92509"
1072,"Essaar, Inc.",www.essaarinc.com,,"Notes: Attending ASD; Address: 200 LeGrand Ave, Suite 428, Northvale, NJ 07647"
1073,Jackpot Pallets Wholesale,https://www.jackpotpalletswholesale.com/,,"Notes: Attending ASD; Address: 4770 Van Epps Rd, Unit 107, Brooklyn Heights, OH 44131"
1074,General Wholesale Inc,,,Notes: Attending ASD
1075,Goffa International Corp,,,Notes: Attending ASD
1076,Golden Star Enterprise,,,"Notes: Attending ASD; Address: 20895 Currier Rd, Walnut, CA 91789"
1077,Good Time,http://www.goodtimeproducts.com,,Notes: Attending ASD
1078,Ri-Pac,https://ri-pac.com/,,"Notes: Attending ASD; Address: 1310 South Johnson Dr, City of Industry, CA 91745"
1079,Great Buy Products,,,"Notes: Attending ASD; Address: 4811 S Alameda St, Los Angeles, CA 90058"
1080,Great Lakes Wholesale Group,http://www.glwholesale.com,,Notes: Attending ASD
1081,Greenlite USA,https://www.greenliteusa.com/,,"Notes: Attending ASD; Address: 333 W Broadway #1630, Anaheim, CA 92815"
1082,"Hawk Importers, Inc.",http://www.hawkimporters.com,,"Notes: Attending ASD; Address: 2307 E. Artesia Blvd, Long Beach, CA 90805"
1083,Hayes Specialties Corp,http://www.ehayes.com,,"Notes: Attending ASD; Address: 1761 East Genesee, Saginaw, MI 48601"
1084,HJK Trading,,,"Notes: Attending ASD; Address: 5228 Edison Ave, Chino, CA 91710"
1085,The Stainless Depot Company,https://thestainlessdepotcompany.com/,,Notes: Attending ASD
1086,"Jasmine Trading, Inc.",https://jasminetrading.com/,,"Notes: Attending ASD; Address: 10550 W. Sam Houston Parkway S., Houston, TX 77099"
1087,JC Sales,http://www.jcsalesweb.com,,Notes: Attending ASD
1088,Jimy Brothers Inc,https://www.jimyusa.com,,"Notes: Attending ASD; Address: 339A N High St, Mt Vernon, NY 10550"
1089,Juco Inc.,http://www.jucoinc.com,,"Notes: Attending ASD; Address: 2164 E. 25th Street, Vernon, CA 90058"
1090,JZ Product & Sales,https://jzproducts.ca/front/,,"Notes: Attending ASD; Address: Unit 3, 5736 Finch Avenue East, Toronto, ON M1B 5R1"
1091,KGR Distribution,https://www.instagram.com/kgrcandies/,,"Notes: Attending ASD; Address: 1453 Jersey Avenue, North Brunswick, NJ 08902"
1092,King Zak Industries,http://www.kingzak.com,,Notes: Attending ASD
1093,Kitchen Depot,http://KITCHENDEPOT1.COM,,"Notes: Attending ASD; Address: 4535 S Soto St, Vernon, CA 90058"
1094,L&Y USA,http://www.ly-usa.com,,"Notes: Attending ASD; Address: 310 South Los Angeles Street, Los Angeles, CA 90013"
1095,L.E.D Beauty Inc,http://www.nascoproductsinc.com,,"Notes: Attending ASD; Address: 556 North Diamond Bar Blvd. #101, Diamond Bar, CA 91765"
1096,Lev Trading LLC,https://www.levtradingllc.com/,,"Notes: Attending ASD; Address: 1202 Airport Rd, North Brunswick Township, NJ 08902"
1097,Liberty Distributors Inc,http://liberty-dist.com/ (website doesn't work),,"Notes: Attending ASD; Address: 1065 Shepherd Ave, Brooklyn, NY 11208"
1098,Lucky Star Import & Export Inc.,website doesnt work http://www.luckystarimport.com/defaultsite,,"Notes: Attending ASD; Address: 5900 Triumph St, Commerce, CA 90040"
1099,Max's Wholesale Import Export,https://maxsimports.com/,,"Notes: Attending ASD; Address: 2410 E 38th St, Vernon, CA 90058"
1100,Phantom Fireworks,http://www.phantomfireworkswholesale.com,,"Notes: Attending ASD; Address: 3566 Larchmont Avenue NE, Warren, OH 44483"
1101,Miami Souvenirs,http://www.miamisouvenirs.com,,"Notes: Attending ASD; Address: 3501 Commerce Parkway, Miramar, FL 33025"
1102,Mila Wholesale,http://www.milawholesale.com,,"Notes: Attending ASD; Address: 5818 W Spring Mountain Rd #216, Las Vegas, NV 89146"
1103,Milestone Supply LLC,https://milestonesupply.com/,,"Notes: Attending ASD; Address: 158 Mount Olivet Ave, Newark, NJ 07114"
1104,Miramax Wholesale,http://www.miramaxindustries.com,,"Notes: Attending ASD; Address: 83 N Summit St, Tenafly, NJ 07670"
1105,North and South Wholesalers,http://northandsouthwholesalers.com,,Notes: Attending ASD
1106,Natural Wonders Perfumes Distribution,https://nwpus.com/,,"Notes: Attending ASD; Address: 8535 Baymeadows Rd Suite 53, Jacksonville, FL 32256"
1107,"Omaha Distributing Co., Inc.",http://www.omahatools.com,,"Notes: Attending ASD; Address: 13737 Chandler Rd, Omaha, NE 68138"
1108,Pioneer Valley,,,"Notes: Attending ASD; Address: 103 North 1330 West, Orem, UT 84057"
1109,Price Master Corp,http://www.pricemaster.com,DO NOT CONTACT - Bad timing,"Notes: Attending ASD; Address: 5707 31st Avenue, Woodside, NY 11377"
1110,Price Power USA,https://pricepowerusa.com/,,"Notes: Attending ASD; Address: 4724 S Boyle Ave, Vernon, CA 90058"
1111,Pyramids Wholesale Inc,http://pyramidswholesale.com/,,"Notes: Attending ASD; Address: 464 East 4th St, Los Angeles, CA 90013"
1112,"Ramson's Imports, Inc.",https://www.riohio.com,,"Notes: Attending ASD; Address: 5159 Sinclair Road, Columbus, OH 43229"
1113,Ravi's Import Warehouse,http://www.shopravis.com,,"Notes: Attending ASD; Address: Dallas, TX"
1114,Rite Way Wholesale Inc.,http://www.ritewaywholesale.com,,Notes: Attending ASD
1115,Shelter Imports,https://www.knivesdist.com/,,"Notes: Attending ASD; Address: 6310 Corsair St, Commerce, CA 90040"
1116,Smartworks Consumer Products,https://smartworksproducts.com/,,"Notes: Attending ASD; Address: 800-B Apgar Drive, Somerset, NJ 08873"
1117,Sona Enterprises,http://www.SonaEnterprises.com,,"Notes: Attending ASD; Address: 10233 Palm Drive, Santa Fe Springs, CA 90670"
1118,Sourcing Connection Inc,https://sourcingconnectionny.com,,"Notes: Attending ASD; Address: 3 Grace Avenue Suite 175, Great Neck, NY 11024"
1119,Southwest Specialty Food,https://www.asskickin.com,,"Notes: Attending ASD; Address: 700 N. Bullard Ave, Goodyear, AZ 85338"
1120,Specialty Store Services,http://www.specialtystoreservices.com,,"Notes: Attending ASD; Address: 454 Jarvis Avenue, Des Plaines, IL 60018"
1121,Star Distributors,http://www.stardeals.com,,"Notes: Attending ASD; Address: 3500 N. Milwaukee Ave, Chicago, IL 60641"
1122,StonyDealClub Inc.,https://www.ticonnshop.com/safety,,"Notes: Attending ASD; Address: Stony Brook, NY, United States"
1123,Sunshine Joy,http://www.sunshinejoy.com,DO NOT CONTACT - Bad timing,"Notes: Attending ASD; Address: PO Box 12, 32 Mechanic Ave Suite 412, Woonsocket, RI 02895"
1124,Texas Wholesale & TW Distributors,http://www.texas-wholesale.com,,"Notes: Attending ASD; Address: 2667 Northaven Road, Dallas, TX 75229"
1125,The Village Imports,new website in the works https://thevillageimports.com/,,"Notes: Attending ASD; Address: CHATSWORTH, CA, United States"
1126,Tolsen Tools USA,https://tolsentoolsusa.com/,,Notes: Attending ASD
1127,Top Quest Inc.,http://topquestinc.com,,"Notes: Attending ASD; Address: 13872 Magnolia Ave, Chino, CA 91710"
1128,Turgiene Group,https://www.turgiene.com/,,"Notes: Attending ASD; Address: P.O. Box 437, Lyndhurst, NJ 07071"
1129,Turkey Creek Trading Co,http://www.eturkeycreekco.com,,"Notes: Attending ASD; Address: 15 Azar Court, Baltimore, MD 21227"
1130,UCC Distributing Inc,http://www.uccdist.com,,"Notes: Attending ASD; Address: 2580 Pioneer Ave, Vista, CA 92081"
1131,Ultra Distributors Inc.,http://www.ultrahba.com,,"Notes: Attending ASD; Address: 14-A Van Dyke Ave, New Brunswick, NJ 08901"
1132,Wyseland of GA,http://Wyseland.com,,"Notes: Attending ASD; Address: 1550 Southlake Pkwy, Morrow, GA 30260"
1133,YM Trading,http://www.ymtrading.com,,"Notes: Attending ASD; Address: 1 Steel Ct, Roseland, NJ 07068"
1134,Zest US Wholesale Inc,https://zestus.us/,,"Notes: Attending ASD; Address: 1139 North Patt Street, Anaheim, CA 92801"
1135,Value Merchandise International,http://valuemerch.com,,"Notes: Attending ASD; Address: 16305 36th Ave N, Suite 500, Plymouth, MN 55446"
1136,VB Sporting Goods Inc,http://www.vbsginc.com,,"Notes: Attending ASD; Address: 2655 N 37th Dr, Peoria, AZ 85009"
1137,Volume Brands International,http://www.volumebrandsint.com,,"Notes: Attending ASD; Address: Vernon, CA"
1138,Wee's Beyond Products Corp.,http://www.weesbeyond.com,,"Notes: Attending ASD; Address: 1 Market St, Passaic, NJ 07055"
1139,7 Star Savings,https://www.7starsavings.com/,,"Notes: Attending ASD; Address: 4333 Veterans Memorial Highway, Ronkonkoma, NY 11779"
1140,Artext Wholesale,https://artextwholesale.com/,,"Notes: Attending ASD; Address: 14600 Innovation Dr Unit C17, March Air Reserve Base, CA 92518"
1141,Aramco Imports Inc,http://www.aramcoimports.com,,"Notes: Attending ASD; Address: 6431 Bandini Blvd, Commerce, CA 90010"
1142,Bay Sales,http://www.baysales.com,,"Notes: Attending ASD; Address: 113 Fillmore Street, Bristol, PA 19007"
1143,Bazaar Inc.,http://www.thebazaarinc.com,,Notes: Attending ASD
1144,Bilco & Associates Inc,http://www.bilcoonline.com,,Notes: Attending ASD
1145,C&R Discount Inc,http://www.crdiscount.com,,Notes: Attending ASD
1146,SP Imports,https://www.superprimainc.com/,,
